-- phpMyAdmin SQL Dump
-- version 4.4.15.10
-- https://www.phpmyadmin.net
--
-- Host: localhost
-- Generation Time: 2023-03-14 14:44:47
-- 服务器版本： 5.7.39-log
-- PHP Version: 5.6.40

SET SQL_MODE = "NO_AUTO_VALUE_ON_ZERO";
SET time_zone = "+00:00";

/*!40101 SET @OLD_CHARACTER_SET_CLIENT=@@CHARACTER_SET_CLIENT */;
/*!40101 SET @OLD_CHARACTER_SET_RESULTS=@@CHARACTER_SET_RESULTS */;
/*!40101 SET @OLD_COLLATION_CONNECTION=@@COLLATION_CONNECTION */;
/*!40101 SET NAMES utf8mb4 */;

--
-- Database: `snow_yujie_dev`
--

-- --------------------------------------------------------

--
-- 表的结构 `auth_group`
--

CREATE TABLE IF NOT EXISTS `auth_group` (
  `id` int(11) NOT NULL,
  `name` varchar(150) NOT NULL
) ENGINE=InnoDB DEFAULT CHARSET=utf8mb4;

-- --------------------------------------------------------

--
-- 表的结构 `auth_group_permissions`
--

CREATE TABLE IF NOT EXISTS `auth_group_permissions` (
  `id` bigint(20) NOT NULL,
  `group_id` int(11) NOT NULL,
  `permission_id` int(11) NOT NULL
) ENGINE=InnoDB DEFAULT CHARSET=utf8mb4;

-- --------------------------------------------------------

--
-- 表的结构 `auth_permission`
--

CREATE TABLE IF NOT EXISTS `auth_permission` (
  `id` int(11) NOT NULL,
  `name` varchar(255) NOT NULL,
  `content_type_id` int(11) NOT NULL,
  `codename` varchar(100) NOT NULL
) ENGINE=InnoDB AUTO_INCREMENT=117 DEFAULT CHARSET=utf8mb4;

--
-- 转存表中的数据 `auth_permission`
--

INSERT INTO `auth_permission` (`id`, `name`, `content_type_id`, `codename`) VALUES
(1, 'Can add log entry', 1, 'add_logentry'),
(2, 'Can change log entry', 1, 'change_logentry'),
(3, 'Can delete log entry', 1, 'delete_logentry'),
(4, 'Can view log entry', 1, 'view_logentry'),
(5, 'Can add permission', 2, 'add_permission'),
(6, 'Can change permission', 2, 'change_permission'),
(7, 'Can delete permission', 2, 'delete_permission'),
(8, 'Can view permission', 2, 'view_permission'),
(9, 'Can add group', 3, 'add_group'),
(10, 'Can change group', 3, 'change_group'),
(11, 'Can delete group', 3, 'delete_group'),
(12, 'Can view group', 3, 'view_group'),
(13, 'Can add user', 4, 'add_user'),
(14, 'Can change user', 4, 'change_user'),
(15, 'Can delete user', 4, 'delete_user'),
(16, 'Can view user', 4, 'view_user'),
(17, 'Can add content type', 5, 'add_contenttype'),
(18, 'Can change content type', 5, 'change_contenttype'),
(19, 'Can delete content type', 5, 'delete_contenttype'),
(20, 'Can view content type', 5, 'view_contenttype'),
(21, 'Can add session', 6, 'add_session'),
(22, 'Can change session', 6, 'change_session'),
(23, 'Can delete session', 6, 'delete_session'),
(24, 'Can view session', 6, 'view_session'),
(25, 'Can add dict type', 7, 'add_dicttype'),
(26, 'Can change dict type', 7, 'change_dicttype'),
(27, 'Can delete dict type', 7, 'delete_dicttype'),
(28, 'Can view dict type', 7, 'view_dicttype'),
(29, 'Can add dict code', 8, 'add_dictcode'),
(30, 'Can change dict code', 8, 'change_dictcode'),
(31, 'Can delete dict code', 8, 'delete_dictcode'),
(32, 'Can view dict code', 8, 'view_dictcode'),
(33, 'Can add menu router meta', 9, 'add_menuroutermeta'),
(34, 'Can change menu router meta', 9, 'change_menuroutermeta'),
(35, 'Can delete menu router meta', 9, 'delete_menuroutermeta'),
(36, 'Can view menu router meta', 9, 'view_menuroutermeta'),
(37, 'Can add role', 10, 'add_role'),
(38, 'Can change role', 10, 'change_role'),
(39, 'Can delete role', 10, 'delete_role'),
(40, 'Can view role', 10, 'view_role'),
(41, 'Can add user', 11, 'add_user'),
(42, 'Can change user', 11, 'change_user'),
(43, 'Can delete user', 11, 'delete_user'),
(44, 'Can view user', 11, 'view_user'),
(45, 'Can add menu router', 12, 'add_menurouter'),
(46, 'Can change menu router', 12, 'change_menurouter'),
(47, 'Can delete menu router', 12, 'delete_menurouter'),
(48, 'Can view menu router', 12, 'view_menurouter'),
(49, 'Can add exam question result', 13, 'add_examquestionresult'),
(50, 'Can change exam question result', 13, 'change_examquestionresult'),
(51, 'Can delete exam question result', 13, 'delete_examquestionresult'),
(52, 'Can view exam question result', 13, 'view_examquestionresult'),
(53, 'Can add exam', 14, 'add_exam'),
(54, 'Can change exam', 14, 'change_exam'),
(55, 'Can delete exam', 14, 'delete_exam'),
(56, 'Can view exam', 14, 'view_exam'),
(57, 'Can add inner mail', 15, 'add_innermail'),
(58, 'Can change inner mail', 15, 'change_innermail'),
(59, 'Can delete inner mail', 15, 'delete_innermail'),
(60, 'Can view inner mail', 15, 'view_innermail'),
(61, 'Can add student course attend', 16, 'add_studentcourseattend'),
(62, 'Can change student course attend', 16, 'change_studentcourseattend'),
(63, 'Can delete student course attend', 16, 'delete_studentcourseattend'),
(64, 'Can view student course attend', 16, 'view_studentcourseattend'),
(65, 'Can add group student binder', 17, 'add_groupstudentbinder'),
(66, 'Can change group student binder', 17, 'change_groupstudentbinder'),
(67, 'Can delete group student binder', 17, 'delete_groupstudentbinder'),
(68, 'Can view group student binder', 17, 'view_groupstudentbinder'),
(69, 'Can add course attend task', 18, 'add_courseattendtask'),
(70, 'Can change course attend task', 18, 'change_courseattendtask'),
(71, 'Can delete course attend task', 18, 'delete_courseattendtask'),
(72, 'Can view course attend task', 18, 'view_courseattendtask'),
(73, 'Can add question option', 19, 'add_questionoption'),
(74, 'Can change question option', 19, 'change_questionoption'),
(75, 'Can delete question option', 19, 'delete_questionoption'),
(76, 'Can view question option', 19, 'view_questionoption'),
(77, 'Can add teacher', 20, 'add_teacher'),
(78, 'Can change teacher', 20, 'change_teacher'),
(79, 'Can delete teacher', 20, 'delete_teacher'),
(80, 'Can view teacher', 20, 'view_teacher'),
(81, 'Can add group', 21, 'add_group'),
(82, 'Can change group', 21, 'change_group'),
(83, 'Can delete group', 21, 'delete_group'),
(84, 'Can view group', 21, 'view_group'),
(85, 'Can add student homework hand in', 22, 'add_studenthomeworkhandin'),
(86, 'Can change student homework hand in', 22, 'change_studenthomeworkhandin'),
(87, 'Can delete student homework hand in', 22, 'delete_studenthomeworkhandin'),
(88, 'Can view student homework hand in', 22, 'view_studenthomeworkhandin'),
(89, 'Can add question', 23, 'add_question'),
(90, 'Can change question', 23, 'change_question'),
(91, 'Can delete question', 23, 'delete_question'),
(92, 'Can view question', 23, 'view_question'),
(93, 'Can add exam student attend', 24, 'add_examstudentattend'),
(94, 'Can change exam student attend', 24, 'change_examstudentattend'),
(95, 'Can delete exam student attend', 24, 'delete_examstudentattend'),
(96, 'Can view exam student attend', 24, 'view_examstudentattend'),
(97, 'Can add class room', 25, 'add_classroom'),
(98, 'Can change class room', 25, 'change_classroom'),
(99, 'Can delete class room', 25, 'delete_classroom'),
(100, 'Can view class room', 25, 'view_classroom'),
(101, 'Can add course', 26, 'add_course'),
(102, 'Can change course', 26, 'change_course'),
(103, 'Can delete course', 26, 'delete_course'),
(104, 'Can view course', 26, 'view_course'),
(105, 'Can add student course leave', 27, 'add_studentcourseleave'),
(106, 'Can change student course leave', 27, 'change_studentcourseleave'),
(107, 'Can delete student course leave', 27, 'delete_studentcourseleave'),
(108, 'Can view student course leave', 27, 'view_studentcourseleave'),
(109, 'Can add homework', 28, 'add_homework'),
(110, 'Can change homework', 28, 'change_homework'),
(111, 'Can delete homework', 28, 'delete_homework'),
(112, 'Can view homework', 28, 'view_homework'),
(113, 'Can add student', 29, 'add_student'),
(114, 'Can change student', 29, 'change_student'),
(115, 'Can delete student', 29, 'delete_student'),
(116, 'Can view student', 29, 'view_student');

-- --------------------------------------------------------

--
-- 表的结构 `auth_user`
--

CREATE TABLE IF NOT EXISTS `auth_user` (
  `id` int(11) NOT NULL,
  `password` varchar(128) NOT NULL,
  `last_login` datetime(6) DEFAULT NULL,
  `is_superuser` tinyint(1) NOT NULL,
  `username` varchar(150) NOT NULL,
  `first_name` varchar(150) NOT NULL,
  `last_name` varchar(150) NOT NULL,
  `email` varchar(254) NOT NULL,
  `is_staff` tinyint(1) NOT NULL,
  `is_active` tinyint(1) NOT NULL,
  `date_joined` datetime(6) NOT NULL
) ENGINE=InnoDB DEFAULT CHARSET=utf8mb4;

-- --------------------------------------------------------

--
-- 表的结构 `auth_user_groups`
--

CREATE TABLE IF NOT EXISTS `auth_user_groups` (
  `id` bigint(20) NOT NULL,
  `user_id` int(11) NOT NULL,
  `group_id` int(11) NOT NULL
) ENGINE=InnoDB DEFAULT CHARSET=utf8mb4;

-- --------------------------------------------------------

--
-- 表的结构 `auth_user_user_permissions`
--

CREATE TABLE IF NOT EXISTS `auth_user_user_permissions` (
  `id` bigint(20) NOT NULL,
  `user_id` int(11) NOT NULL,
  `permission_id` int(11) NOT NULL
) ENGINE=InnoDB DEFAULT CHARSET=utf8mb4;

-- --------------------------------------------------------

--
-- 表的结构 `base_dict_code`
--

CREATE TABLE IF NOT EXISTS `base_dict_code` (
  `id` bigint(20) NOT NULL,
  `code` varchar(50) NOT NULL,
  `name` varchar(100) NOT NULL,
  `parent` varchar(10) DEFAULT NULL,
  `type_id` varchar(5) NOT NULL
) ENGINE=InnoDB DEFAULT CHARSET=utf8mb4;

-- --------------------------------------------------------

--
-- 表的结构 `base_dict_type`
--

CREATE TABLE IF NOT EXISTS `base_dict_type` (
  `type` varchar(5) NOT NULL,
  `type_name` varchar(100) NOT NULL
) ENGINE=InnoDB DEFAULT CHARSET=utf8mb4;

-- --------------------------------------------------------

--
-- 表的结构 `core_classroom`
--

CREATE TABLE IF NOT EXISTS `core_classroom` (
  `id` bigint(20) NOT NULL,
  `create_time` datetime(6) NOT NULL,
  `update_time` datetime(6) NOT NULL,
  `name` varchar(256) NOT NULL,
  `monitor` int(11) DEFAULT NULL,
  `adviser_id` bigint(20) NOT NULL
) ENGINE=InnoDB AUTO_INCREMENT=4 DEFAULT CHARSET=utf8mb4;

--
-- 转存表中的数据 `core_classroom`
--

INSERT INTO `core_classroom` (`id`, `create_time`, `update_time`, `name`, `monitor`, `adviser_id`) VALUES
(3, '2022-12-19 02:06:14.616275', '2022-12-19 02:06:14.626648', '20计科三', 0, 1);

-- --------------------------------------------------------

--
-- 表的结构 `core_course`
--

CREATE TABLE IF NOT EXISTS `core_course` (
  `id` bigint(20) NOT NULL,
  `create_time` datetime(6) NOT NULL,
  `update_time` datetime(6) NOT NULL,
  `name` varchar(256) NOT NULL,
  `open_time` datetime(6) DEFAULT NULL,
  `completed` tinyint(1) DEFAULT NULL
) ENGINE=InnoDB AUTO_INCREMENT=5 DEFAULT CHARSET=utf8mb4;

--
-- 转存表中的数据 `core_course`
--

INSERT INTO `core_course` (`id`, `create_time`, `update_time`, `name`, `open_time`, `completed`) VALUES
(1, '2022-12-19 02:06:15.653131', '2022-12-19 02:06:15.660411', '高等数学', '2022-12-19 02:06:15.652874', 0),
(2, '2022-12-19 02:06:15.667908', '2022-12-19 02:06:15.675490', '线性代数', '2022-12-19 02:06:15.667730', 0),
(3, '2022-12-19 02:06:15.685121', '2022-12-19 02:06:15.691776', '概率论', '2022-12-19 02:06:15.684941', 0),
(4, '2022-12-19 02:06:15.699416', '2022-12-19 02:06:15.706920', '软件工程概论', '2022-12-19 02:06:15.699246', 0);

-- --------------------------------------------------------

--
-- 表的结构 `core_courseattendtask`
--

CREATE TABLE IF NOT EXISTS `core_courseattendtask` (
  `id` bigint(20) NOT NULL,
  `create_time` datetime(6) NOT NULL,
  `update_time` datetime(6) NOT NULL,
  `duration` int(11) NOT NULL,
  `expire_time` datetime(6) NOT NULL,
  `course_id` bigint(20) NOT NULL
) ENGINE=InnoDB AUTO_INCREMENT=5 DEFAULT CHARSET=utf8mb4;

--
-- 转存表中的数据 `core_courseattendtask`
--

INSERT INTO `core_courseattendtask` (`id`, `create_time`, `update_time`, `duration`, `expire_time`, `course_id`) VALUES
(1, '2023-01-16 13:58:56.655907', '2023-01-16 13:58:56.676819', 10, '2023-01-16 14:08:56.655361', 4),
(2, '2023-02-09 23:55:05.680119', '2023-02-09 23:55:05.684095', 7, '2023-02-10 00:02:35.679887', 4),
(3, '2023-03-13 10:47:17.326443', '2023-03-13 10:47:17.347318', 1, '2023-03-13 10:48:17.326198', 4),
(4, '2023-03-13 10:59:40.108317', '2023-03-13 10:59:40.141097', 1, '2023-03-13 11:00:40.108107', 4);

-- --------------------------------------------------------

--
-- 表的结构 `core_exam`
--

CREATE TABLE IF NOT EXISTS `core_exam` (
  `id` bigint(20) NOT NULL,
  `create_time` datetime(6) NOT NULL,
  `update_time` datetime(6) NOT NULL,
  `name` varchar(128) NOT NULL,
  `type` varchar(10) NOT NULL,
  `start_time` datetime(6) NOT NULL,
  `end_time` datetime(6) NOT NULL,
  `course_id` bigint(20) NOT NULL
) ENGINE=InnoDB AUTO_INCREMENT=109 DEFAULT CHARSET=utf8mb4;

--
-- 转存表中的数据 `core_exam`
--

INSERT INTO `core_exam` (`id`, `create_time`, `update_time`, `name`, `type`, `start_time`, `end_time`, `course_id`) VALUES
(1, '2022-12-19 02:06:18.644638', '2022-12-19 02:06:18.644672', '高等数学期中考试', '线上考试', '2022-12-19 02:06:18.643289', '2022-12-19 02:06:18.643298', 1),
(100, '2022-12-19 02:06:18.652965', '2022-12-19 02:06:18.660117', '软件需求练习题', '线上', '2022-12-19 02:06:18.652766', '2022-12-19 12:06:18.652774', 4),
(101, '2022-12-19 02:06:19.632010', '2022-12-19 02:06:19.638100', '软件测试', '线下', '2022-12-19 02:06:19.631778', '2022-12-19 12:06:19.631784', 4),
(102, '2022-12-19 02:06:20.292538', '2022-12-19 02:06:20.299692', '支付与维护测试题', '线上', '2022-12-19 02:06:20.292294', '2022-12-19 12:06:20.292301', 4),
(103, '2022-12-19 02:06:21.113399', '2022-12-19 02:06:21.127459', '详细设计', '线下', '2022-12-19 02:06:21.113139', '2022-12-19 12:06:21.113148', 4),
(104, '2022-12-19 02:06:22.020384', '2022-12-19 02:06:22.037074', '概要设计', '线上', '2022-12-19 02:06:22.020144', '2022-12-19 12:06:22.020151', 4),
(105, '2022-12-19 02:06:23.132961', '2022-12-19 02:06:23.140896', '软件工程概述练习题', '线下', '2022-12-19 02:06:23.132693', '2022-12-19 12:06:23.132702', 4),
(106, '2022-12-19 02:06:24.164161', '2022-12-19 02:06:24.174081', '软件编码', '线上', '2022-12-19 02:06:24.163903', '2022-12-19 12:06:24.163911', 4),
(107, '2023-02-10 00:01:56.079034', '2023-02-10 00:01:56.079064', '小考试', '线上', '2023-02-10 16:01:42.016000', '2023-03-16 16:01:42.016000', 4),
(108, '2023-02-10 00:02:13.705884', '2023-02-10 00:02:13.705913', '小考试', '线上', '2023-02-01 08:01:00.000000', '2023-03-31 08:01:00.000000', 4);

-- --------------------------------------------------------

--
-- 表的结构 `core_examquestionresult`
--

CREATE TABLE IF NOT EXISTS `core_examquestionresult` (
  `id` bigint(20) NOT NULL,
  `create_time` datetime(6) NOT NULL,
  `update_time` datetime(6) NOT NULL,
  `stu_answer` int(11) DEFAULT NULL,
  `right_answer` int(11) DEFAULT NULL,
  `right` tinyint(1) DEFAULT NULL,
  `score` int(11) DEFAULT NULL,
  `exam_join_id` bigint(20) NOT NULL,
  `question_id` bigint(20) NOT NULL
) ENGINE=InnoDB AUTO_INCREMENT=2 DEFAULT CHARSET=utf8mb4;

--
-- 转存表中的数据 `core_examquestionresult`
--

INSERT INTO `core_examquestionresult` (`id`, `create_time`, `update_time`, `stu_answer`, `right_answer`, `right`, `score`, `exam_join_id`, `question_id`) VALUES
(1, '2023-02-10 00:03:18.638157', '2023-02-10 00:03:28.309807', 278, NULL, 0, 0, 1, 70);

-- --------------------------------------------------------

--
-- 表的结构 `core_examstudentattend`
--

CREATE TABLE IF NOT EXISTS `core_examstudentattend` (
  `id` bigint(20) NOT NULL,
  `create_time` datetime(6) NOT NULL,
  `update_time` datetime(6) NOT NULL,
  `score` double NOT NULL,
  `is_done` tinyint(1) DEFAULT NULL,
  `course_id` bigint(20) NOT NULL,
  `exam_id` bigint(20) NOT NULL,
  `student_id` bigint(20) NOT NULL
) ENGINE=InnoDB AUTO_INCREMENT=3 DEFAULT CHARSET=utf8mb4;

--
-- 转存表中的数据 `core_examstudentattend`
--

INSERT INTO `core_examstudentattend` (`id`, `create_time`, `update_time`, `score`, `is_done`, `course_id`, `exam_id`, `student_id`) VALUES
(1, '2023-02-10 00:03:17.149022', '2023-02-10 00:03:28.318198', 0, 1, 4, 108, 4),
(2, '2023-03-12 09:30:49.765038', '2023-03-12 09:30:50.013591', 0, 0, 4, 107, 4);

-- --------------------------------------------------------

--
-- 表的结构 `core_group`
--

CREATE TABLE IF NOT EXISTS `core_group` (
  `id` bigint(20) NOT NULL,
  `create_time` datetime(6) NOT NULL,
  `update_time` datetime(6) NOT NULL,
  `name` varchar(256) NOT NULL,
  `course_id` bigint(20) NOT NULL
) ENGINE=InnoDB DEFAULT CHARSET=utf8mb4;

-- --------------------------------------------------------

--
-- 表的结构 `core_groupstudentbinder`
--

CREATE TABLE IF NOT EXISTS `core_groupstudentbinder` (
  `id` bigint(20) NOT NULL,
  `create_time` datetime(6) NOT NULL,
  `update_time` datetime(6) NOT NULL,
  `leader` tinyint(1) NOT NULL,
  `course_id` bigint(20) NOT NULL,
  `group_id` bigint(20) NOT NULL,
  `student_id` bigint(20) NOT NULL
) ENGINE=InnoDB DEFAULT CHARSET=utf8mb4;

-- --------------------------------------------------------

--
-- 表的结构 `core_homework`
--

CREATE TABLE IF NOT EXISTS `core_homework` (
  `id` bigint(20) NOT NULL,
  `create_time` datetime(6) NOT NULL,
  `update_time` datetime(6) NOT NULL,
  `title` varchar(256) NOT NULL,
  `content` longtext NOT NULL,
  `start_time` datetime(6) NOT NULL,
  `end_time` datetime(6) NOT NULL,
  `course_id` bigint(20) NOT NULL
) ENGINE=InnoDB DEFAULT CHARSET=utf8mb4;

-- --------------------------------------------------------

--
-- 表的结构 `core_innermail`
--

CREATE TABLE IF NOT EXISTS `core_innermail` (
  `id` bigint(20) NOT NULL,
  `create_time` datetime(6) NOT NULL,
  `update_time` datetime(6) NOT NULL,
  `content` longtext NOT NULL,
  `title` varchar(255) NOT NULL,
  `send_date` datetime(6) NOT NULL,
  `receive_date` datetime(6) NOT NULL,
  `is_read` tinyint(1) NOT NULL,
  `from_user_id` bigint(20) NOT NULL,
  `to_user_id` bigint(20) NOT NULL
) ENGINE=InnoDB DEFAULT CHARSET=utf8mb4;

-- --------------------------------------------------------

--
-- 表的结构 `core_question`
--

CREATE TABLE IF NOT EXISTS `core_question` (
  `id` bigint(20) NOT NULL,
  `create_time` datetime(6) NOT NULL,
  `update_time` datetime(6) NOT NULL,
  `type` varchar(10) NOT NULL,
  `title` varchar(256) NOT NULL,
  `content` varchar(1024) NOT NULL,
  `exam_id` bigint(20) NOT NULL
) ENGINE=InnoDB AUTO_INCREMENT=72 DEFAULT CHARSET=utf8mb4;

--
-- 转存表中的数据 `core_question`
--

INSERT INTO `core_question` (`id`, `create_time`, `update_time`, `type`, `title`, `content`, `exam_id`) VALUES
(1, '2022-12-19 02:06:18.817383', '2022-12-19 02:06:18.827493', '单选题', '软件需求分析一般应确定的是用户对软件的（  ）。', '软件需求分析一般应确定的是用户对软件的（  ）。', 100),
(2, '2022-12-19 02:06:18.902198', '2022-12-19 02:06:18.908711', '单选题', '软件需求管理过程包括需求获取、需求分析、编写需求规格说明书、需求评审以及（   ）。', '软件需求管理过程包括需求获取、需求分析、编写需求规格说明书、需求评审以及（   ）。', 100),
(3, '2022-12-19 02:06:18.984100', '2022-12-19 02:06:18.993929', '单选题', '软件需求分析阶段建立原型的主要目的是（    ）。', '软件需求分析阶段建立原型的主要目的是（    ）。', 100),
(4, '2022-12-19 02:06:19.060293', '2022-12-19 02:06:19.066963', '单选题', '软件开发过程中，需求活动的主要任务是（ ）。', '软件开发过程中，需求活动的主要任务是（ ）。', 100),
(5, '2022-12-19 02:06:19.164434', '2022-12-19 02:06:19.173191', '单选题', '在需求分析阶段，需求分析人员需要了解用户的需求，认真仔细地调研、分析，最终应 建立目标系统的逻辑模型并写出（ ）。', '在需求分析阶段，需求分析人员需要了解用户的需求，认真仔细地调研、分析，最终应 建立目标系统的逻辑模型并写出（ ）。', 100),
(6, '2022-12-19 02:06:19.259098', '2022-12-19 02:06:19.267116', '单选题', '软件需求规格说明文档中包括多方面的内容，下述（    ）不是软件需求规格说明文 档中应包括的内容。', '软件需求规格说明文档中包括多方面的内容，下述（    ）不是软件需求规格说明文 档中应包括的内容。', 100),
(7, '2022-12-19 02:06:19.341197', '2022-12-19 02:06:19.348187', '单选题', '结构化分析方法中，描述软件功能需求的常用工具有（  ）。', '结构化分析方法中，描述软件功能需求的常用工具有（  ）。', 100),
(8, '2022-12-19 02:06:19.409508', '2022-12-19 02:06:19.415666', '单选题', '软件需求阶段要解决的问题是（   ）。', '软件需求阶段要解决的问题是（   ）。', 100),
(9, '2022-12-19 02:06:19.487252', '2022-12-19 02:06:19.493858', '单选题', '在原型法中开发人员根据（    ）需求不断修改原型，直到满足用户要求为止。', '在原型法中开发人员根据（    ）需求不断修改原型，直到满足用户要求为止。', 100),
(10, '2022-12-19 02:06:19.557361', '2022-12-19 02:06:19.564556', '单选题', '结构化分析方法以数据流图、（ ）和加工说明等描述工具，即用直观的图和简介的语 言来描述软件系统模型。', '结构化分析方法以数据流图、（ ）和加工说明等描述工具，即用直观的图和简介的语 言来描述软件系统模型。', 100),
(11, '2022-12-19 02:06:19.657284', '2022-12-19 02:06:19.664779', '单选题', '集成测试主要是针对（ ）阶段的错误。', '集成测试主要是针对（ ）阶段的错误。', 101),
(12, '2022-12-19 02:06:19.724444', '2022-12-19 02:06:19.730529', '单选题', '（   ）方法需要考察模块间的接口和各个模块之间的关系。', '（   ）方法需要考察模块间的接口和各个模块之间的关系。', 101),
(13, '2022-12-19 02:06:19.790693', '2022-12-19 02:06:19.798683', '单选题', '在测试中，下列说法错误的是（    ）。', '在测试中，下列说法错误的是（    ）。', 101),
(14, '2022-12-19 02:06:19.874021', '2022-12-19 02:06:19.880525', '单选题', '以下（  ）不属于白盒测试技术。', '以下（  ）不属于白盒测试技术。', 101),
(15, '2022-12-19 02:06:19.946603', '2022-12-19 02:06:19.953415', '单选题', '单元测试又称为（    ），可以用白盒法也可以采用黑盒法测试。', '单元测试又称为（    ），可以用白盒法也可以采用黑盒法测试。', 101),
(16, '2022-12-19 02:06:20.027135', '2022-12-19 02:06:20.033350', '单选题', '（  ）能够有效地检测输入条件的各种组合可能引起的错误。', '（  ）能够有效地检测输入条件的各种组合可能引起的错误。', 101),
(17, '2022-12-19 02:06:20.115768', '2022-12-19 02:06:20.123139', '单选题', '在软件测试中，设计测试用例主要由输入输出数据和（   ）两部分组成', '在软件测试中，设计测试用例主要由输入输出数据和（   ）两部分组成', 101),
(18, '2022-12-19 02:06:20.210310', '2022-12-19 02:06:20.217303', '单选题', '通过程序设计的控制结构导出测试用例的测试方法是（ ）', '通过程序设计的控制结构导出测试用例的测试方法是（ ）', 101),
(19, '2022-12-19 02:06:20.319550', '2022-12-19 02:06:20.329735', '单选题', '对于软件的 （  ），有一种简单的面向时间的度量，叫做平均变更等待时间 MTTC （Mean Time To Change)。 这个时间包括开始分析变更要求、设计合适的修改、实现    变更 并测试它、以及把这种变更发送给所有的用户', '对于软件的 （  ），有一种简单的面向时间的度量，叫做平均变更等待时间 MTTC （Mean Time To Change)。 这个时间包括开始分析变更要求、设计合适的修改、实现    变更 并测试它、以及把这种变更发送给所有的用户', 102),
(20, '2022-12-19 02:06:20.398217', '2022-12-19 02:06:20.409183', '单选题', '软件维护是软件生命周期中的固有阶段，一般认为，各种不同的软件维护中以（  ）维护所占的维护量最小', '软件维护是软件生命周期中的固有阶段，一般认为，各种不同的软件维护中以（  ）维护所占的维护量最小', 102),
(21, '2022-12-19 02:06:20.498758', '2022-12-19 02:06:20.506290', '单选题', '下面哪个不是交付过程的文档（   ）。', '下面哪个不是交付过程的文档（   ）。', 102),
(22, '2022-12-19 02:06:20.594340', '2022-12-19 02:06:20.602082', '单选题', '诊断和消除程序在使用过程中发生错误的过程称为（）', '诊断和消除程序在使用过程中发生错误的过程称为（）', 102),
(23, '2022-12-19 02:06:20.691339', '2022-12-19 02:06:20.698330', '单选题', '软件按照设计的要求，在规定时间和条件下达到不出故障、持续运行要求的质量特性称 为（   ）。', '软件按照设计的要求，在规定时间和条件下达到不出故障、持续运行要求的质量特性称 为（   ）。', 102),
(24, '2022-12-19 02:06:20.769018', '2022-12-19 02:06:20.776903', '单选题', '为适应软件运行环境的变化而修改软件的活动称为（）。', '为适应软件运行环境的变化而修改软件的活动称为（）。', 102),
(25, '2022-12-19 02:06:20.859065', '2022-12-19 02:06:20.865795', '单选题', '在软件生存期的维护阶段，继续诊断和修正错误的过程称为（）。', '在软件生存期的维护阶段，继续诊断和修正错误的过程称为（）。', 102),
(26, '2022-12-19 02:06:20.942441', '2022-12-19 02:06:20.949224', '单选题', '度量软件的可维护性可以包括很多方面，下列（   ）不在措施之列。', '度量软件的可维护性可以包括很多方面，下列（   ）不在措施之列。', 102),
(27, '2022-12-19 02:06:21.011889', '2022-12-19 02:06:21.024207', '单选题', '产生软件维护的副作用，是指（）。', '产生软件维护的副作用，是指（）。', 102),
(28, '2022-12-19 02:06:21.148810', '2022-12-19 02:06:21.167049', '单选题', '为了提高模块的独立性，模块内部最好是（  ） 。', '为了提高模块的独立性，模块内部最好是（  ） 。', 103),
(29, '2022-12-19 02:06:21.239705', '2022-12-19 02:06:21.246913', '单选题', '在详细设计阶段，一种二维树型结构并可自动生成程序代码的描述工具是(   )。', '在详细设计阶段，一种二维树型结构并可自动生成程序代码的描述工具是(   )。', 103),
(30, '2022-12-19 02:06:21.311424', '2022-12-19 02:06:21.318561', '单选题', '数据元素组成数据的方式的基本类型是（   ）。', '数据元素组成数据的方式的基本类型是（   ）。', 103),
(31, '2022-12-19 02:06:21.389452', '2022-12-19 02:06:21.396803', '单选题', '伪码又称为过程设计语言 PDL，一种典型的 PDL 是仿照（ ）编写的。', '伪码又称为过程设计语言 PDL，一种典型的 PDL 是仿照（ ）编写的。', 103),
(32, '2022-12-19 02:06:21.471583', '2022-12-19 02:06:21.478547', '单选题', '软件详细设计的主要任务是确定每个模块的（ ）。', '软件详细设计的主要任务是确定每个模块的（ ）。', 103),
(33, '2022-12-19 02:06:21.543778', '2022-12-19 02:06:21.551403', '单选题', '为了提高模块的独立性，模块之间最好是（ ） 。', '为了提高模块的独立性，模块之间最好是（ ） 。', 103),
(34, '2022-12-19 02:06:21.622732', '2022-12-19 02:06:21.629127', '单选题', '伪码作为详细设计的工具，缺点在于（   ）。', '伪码作为详细设计的工具，缺点在于（   ）。', 103),
(35, '2022-12-19 02:06:21.696784', '2022-12-19 02:06:21.707498', '单选题', '软件设计中，可应用于详细设计的工具有（ ）', '软件设计中，可应用于详细设计的工具有（ ）', 103),
(36, '2022-12-19 02:06:21.788321', '2022-12-19 02:06:21.800504', '单选题', 'JSD 设计方法是由 Jackson 所提出的，它是一种面向（ ）的软件设计方法。', 'JSD 设计方法是由 Jackson 所提出的，它是一种面向（ ）的软件设计方法。', 103),
(37, '2022-12-19 02:06:21.865977', '2022-12-19 02:06:21.872995', '单选题', '结构化程序流程图中一般包括 3 种基本结构，下述结构中（   ）不属于其基本结构。', '结构化程序流程图中一般包括 3 种基本结构，下述结构中（   ）不属于其基本结构。', 103),
(38, '2022-12-19 02:06:21.945430', '2022-12-19 02:06:21.952237', '单选题', '程序流程图中的箭头代表的是（ ）。', '程序流程图中的箭头代表的是（ ）。', 103),
(39, '2022-12-19 02:06:22.058001', '2022-12-19 02:06:22.064765', '单选题', '内聚是从功能角度来度量模块内的联系，按照特定次序执行元素的模块属于（ ）方式', '内聚是从功能角度来度量模块内的联系，按照特定次序执行元素的模块属于（ ）方式', 104),
(40, '2022-12-19 02:06:22.132060', '2022-12-19 02:06:22.148038', '单选题', '下面哪个阶段不是数据库设计的阶段（ ）', '下面哪个阶段不是数据库设计的阶段（ ）', 104),
(41, '2022-12-19 02:06:22.225662', '2022-12-19 02:06:22.232294', '单选题', '面向数据流的设计方法把（  ）映射成软件结构。', '面向数据流的设计方法把（  ）映射成软件结构。', 104),
(42, '2022-12-19 02:06:22.300281', '2022-12-19 02:06:22.306923', '单选题', '模块本身的内聚是模块独立性的重要度量因素之一，在 7 类内聚中，具有最强内聚的一 类是（  ）。', '模块本身的内聚是模块独立性的重要度量因素之一，在 7 类内聚中，具有最强内聚的一 类是（  ）。', 104),
(43, '2022-12-19 02:06:22.373313', '2022-12-19 02:06:22.379680', '单选题', '软件设计是一个将（    ）转换为软件表示的过程。', '软件设计是一个将（    ）转换为软件表示的过程。', 104),
(44, '2022-12-19 02:06:22.450420', '2022-12-19 02:06:22.460304', '单选题', '软件的结构化设计方法是以（ ）为依据的模块结构设计方法。', '软件的结构化设计方法是以（ ）为依据的模块结构设计方法。', 104),
(45, '2022-12-19 02:06:22.532341', '2022-12-19 02:06:22.540102', '单选题', '下列关于软件设计准则的描述，错误的是（   ）。', '下列关于软件设计准则的描述，错误的是（   ）。', 104),
(46, '2022-12-19 02:06:22.619037', '2022-12-19 02:06:22.628768', '单选题', '耦合是软件各个模块间连接的一种度量。一组模块都访问同一数据结构应属于（  ）方 式。', '耦合是软件各个模块间连接的一种度量。一组模块都访问同一数据结构应属于（  ）方 式。', 104),
(47, '2022-12-19 02:06:22.722564', '2022-12-19 02:06:22.730062', '单选题', '数据字典是定义（   ）中的数据的工具', '数据字典是定义（   ）中的数据的工具', 104),
(48, '2022-12-19 02:06:22.797665', '2022-12-19 02:06:22.804289', '单选题', '概要设计是软件工程中很重要的技术活动，下列不是概要设计任务的是（  ）。', '概要设计是软件工程中很重要的技术活动，下列不是概要设计任务的是（  ）。', 104),
(49, '2022-12-19 02:06:22.867178', '2022-12-19 02:06:22.873679', '单选题', '面向数据流的软件设计方法中，一般是把数据流图中的数据流分为（ ）两种流，再将数据流图映射为软件结构。', '面向数据流的软件设计方法中，一般是把数据流图中的数据流分为（ ）两种流，再将数据流图映射为软件结构。', 104),
(50, '2022-12-19 02:06:22.963672', '2022-12-19 02:06:22.970484', '单选题', '数据存储和数据流都是（ ），仅仅是所处的状态不同。', '数据存储和数据流都是（ ），仅仅是所处的状态不同。', 104),
(51, '2022-12-19 02:06:23.046831', '2022-12-19 02:06:23.053768', '单选题', '结构化的概要设计是以（    ）技术为基础的软件设计方法。', '结构化的概要设计是以（    ）技术为基础的软件设计方法。', 104),
(52, '2022-12-19 02:06:23.165540', '2022-12-19 02:06:23.173249', '单选题', '软件工程的出现主要是由于（    ）', '软件工程的出现主要是由于（    ）', 105),
(53, '2022-12-19 02:06:23.240294', '2022-12-19 02:06:23.249782', '单选题', '结构化的概要设计是以（    ）技术为基础的软件设计方法。', '结构化的概要设计是以（    ）技术为基础的软件设计方法。', 105),
(54, '2022-12-19 02:06:23.337277', '2022-12-19 02:06:23.344458', '单选题', '软件工程方法的提出起源于软件危机，其目的应该是最终解决软件的（    ）问题。', '软件工程方法的提出起源于软件危机，其目的应该是最终解决软件的（    ）问题。', 105),
(55, '2022-12-19 02:06:23.418855', '2022-12-19 02:06:23.426067', '单选题', '在结构化分析方法中，常用的描述软件功能需求的工具是（    ）。', '在结构化分析方法中，常用的描述软件功能需求的工具是（    ）。', 105),
(56, '2022-12-19 02:06:23.487409', '2022-12-19 02:06:23.494346', '单选题', '下列所述不是软件组成的是（    ）。', '下列所述不是软件组成的是（    ）。', 105),
(57, '2022-12-19 02:06:23.559530', '2022-12-19 02:06:23.567138', '单选题', '下列所述不是敏捷生存期模型的是（  ）。', '下列所述不是敏捷生存期模型的是（  ）。', 105),
(58, '2022-12-19 02:06:23.642346', '2022-12-19 02:06:23.649945', '单选题', '下面哪个不是 UML 的图示（   ）', '下面哪个不是 UML 的图示（   ）', 105),
(59, '2022-12-19 02:06:23.723412', '2022-12-19 02:06:23.730244', '单选题', '以下（     ）不是软件危机的表现形式。', '以下（     ）不是软件危机的表现形式。', 105),
(60, '2022-12-19 02:06:23.804729', '2022-12-19 02:06:23.812037', '单选题', '以下哪项不是 SWEBOK V3 的软件工程实践中的知识域（    ）。', '以下哪项不是 SWEBOK V3 的软件工程实践中的知识域（    ）。', 105),
(61, '2022-12-19 02:06:23.886696', '2022-12-19 02:06:23.894454', '单选题', '软件工程学涉及软件开发技术和项目管理等方面的内容，下述内容中（   ）不属于开 发技术的范畴。', '软件工程学涉及软件开发技术和项目管理等方面的内容，下述内容中（   ）不属于开 发技术的范畴。', 105),
(62, '2022-12-19 02:06:23.984930', '2022-12-19 02:06:23.992634', '单选题', '下列对“计算机软件”描述正确的是（  ）。', '下列对“计算机软件”描述正确的是（  ）。', 105),
(63, '2022-12-19 02:06:24.070825', '2022-12-19 02:06:24.078031', '单选题', '结构化分析方法是面向（   ）的自顶向下逐步求精的分析方法。', '结构化分析方法是面向（   ）的自顶向下逐步求精的分析方法。', 105),
(64, '2022-12-19 02:06:24.192399', '2022-12-19 02:06:24.201964', '单选题', '下面是一段求最大值的程序，其中 datalist 是数据表，n 是数据表的长度，则其 McCabe 环路复杂性为 （  ） int GetMax(int n, int datalist[ ])  {        int k=0;                 for ( int j=1; j<n; j++ )  if ( datalist[j] > datalist[k] )  k=j;                  return k;  }', '下面是一段求最大值的程序，其中 datalist 是数据表，n 是数据表的长度，则其 McCabe 环路复杂性为 （  ） int GetMax(int n, int datalist[ ])  {        int k=0;                 for ( int j=1; j<n; j++ )  if ( datalist[j] > datalist[k] )  k=j;                  return k;  }', 106),
(65, '2022-12-19 02:06:24.290385', '2022-12-19 02:06:24.297284', '单选题', '结构化程序设计要求程序由顺序、循环和（   ）三种结构组成。', '结构化程序设计要求程序由顺序、循环和（   ）三种结构组成。', 106),
(66, '2022-12-19 02:06:24.365094', '2022-12-19 02:06:24.373942', '单选题', '将每个模块的控制结构转换成计算机可接受的程序代码是(    )阶段的任务。', '将每个模块的控制结构转换成计算机可接受的程序代码是(    )阶段的任务。', 106),
(67, '2022-12-19 02:06:24.441267', '2022-12-19 02:06:24.449238', '单选题', '下列伪代码中，A=14，B=20，则 X 的值是（   ）', '下列伪代码中，A=14，B=20，则 X 的值是（   ）', 106),
(68, '2022-12-19 02:06:24.519701', '2022-12-19 02:06:24.529383', '单选题', '编码高效率原则包括提高运行效率，提高储存效率和提高( )', '编码高效率原则包括提高运行效率，提高储存效率和提高( )', 106),
(69, '2022-12-19 02:06:24.611823', '2022-12-19 02:06:24.619312', '单选题', '软件调试的目的是（   ）。', '软件调试的目的是（   ）。', 106),
(70, '2023-02-10 00:02:30.919611', '2023-02-10 00:02:30.930452', '单选题', '孕妇打架算群殴吗', '', 108),
(71, '2023-03-14 14:12:43.222109', '2023-03-14 14:12:43.303828', '多选题', '你知道你犯了什么错吗', '', 108);

-- --------------------------------------------------------

--
-- 表的结构 `core_questionoption`
--

CREATE TABLE IF NOT EXISTS `core_questionoption` (
  `id` bigint(20) NOT NULL,
  `create_time` datetime(6) NOT NULL,
  `update_time` datetime(6) NOT NULL,
  `right` tinyint(1) NOT NULL,
  `content` varchar(1024) NOT NULL,
  `exam_id` bigint(20) NOT NULL,
  `question_id` bigint(20) NOT NULL
) ENGINE=InnoDB AUTO_INCREMENT=281 DEFAULT CHARSET=utf8mb4;

--
-- 转存表中的数据 `core_questionoption`
--

INSERT INTO `core_questionoption` (`id`, `create_time`, `update_time`, `right`, `content`, `exam_id`, `question_id`) VALUES
(1, '2022-12-19 02:06:18.835198', '2022-12-19 02:06:18.843000', 1, '功能需求和非功能需求', 100, 1),
(2, '2022-12-19 02:06:18.850378', '2022-12-19 02:06:18.865372', 0, '性能需求', 100, 1),
(3, '2022-12-19 02:06:18.872598', '2022-12-19 02:06:18.881019', 0, '非功能需求', 100, 1),
(4, '2022-12-19 02:06:18.887836', '2022-12-19 02:06:18.894256', 0, '功能需求', 100, 1),
(5, '2022-12-19 02:06:18.922787', '2022-12-19 02:06:18.934053', 1, '需求变更', 100, 2),
(6, '2022-12-19 02:06:18.941444', '2022-12-19 02:06:18.948787', 0, '用户参与', 100, 2),
(7, '2022-12-19 02:06:18.956373', '2022-12-19 02:06:18.963251', 0, '都不正确', 100, 2),
(8, '2022-12-19 02:06:18.970181', '2022-12-19 02:06:18.977240', 0, '总结', 100, 2),
(9, '2022-12-19 02:06:19.001553', '2022-12-19 02:06:19.009385', 1, '确定系统是否满足用户要求', 100, 3),
(10, '2022-12-19 02:06:19.017550', '2022-12-19 02:06:19.025020', 0, '确定系统是否满足开发人员需要', 100, 3),
(11, '2022-12-19 02:06:19.033387', '2022-12-19 02:06:19.039982', 0, '确定系统的功能和性能要求', 100, 3),
(12, '2022-12-19 02:06:19.047306', '2022-12-19 02:06:19.053538', 0, '确定系统的性能要求', 100, 3),
(13, '2022-12-19 02:06:19.074982', '2022-12-19 02:06:19.083017', 0, '给出系统模块结构', 100, 4),
(14, '2022-12-19 02:06:19.096199', '2022-12-19 02:06:19.104565', 0, '给出软件解决方案', 100, 4),
(15, '2022-12-19 02:06:19.112427', '2022-12-19 02:06:19.133142', 0, '定义模块算法', 100, 4),
(16, '2022-12-19 02:06:19.142324', '2022-12-19 02:06:19.151334', 1, '定义需求并建立系统模型', 100, 4),
(17, '2022-12-19 02:06:19.181714', '2022-12-19 02:06:19.190471', 0, '模块说明书', 100, 5),
(18, '2022-12-19 02:06:19.208402', '2022-12-19 02:06:19.216962', 1, '需求规格说明书', 100, 5),
(19, '2022-12-19 02:06:19.225389', '2022-12-19 02:06:19.234094', 0, '合同文档', 100, 5),
(20, '2022-12-19 02:06:19.242227', '2022-12-19 02:06:19.250755', 0, '项目开发设计', 100, 5),
(21, '2022-12-19 02:06:19.274884', '2022-12-19 02:06:19.282975', 1, '软件代码', 100, 6),
(22, '2022-12-19 02:06:19.290773', '2022-12-19 02:06:19.297637', 0, '功能描述', 100, 6),
(23, '2022-12-19 02:06:19.305510', '2022-12-19 02:06:19.318726', 0, '性能描述', 100, 6),
(24, '2022-12-19 02:06:19.326435', '2022-12-19 02:06:19.333508', 0, '安全描述', 100, 6),
(25, '2022-12-19 02:06:19.355738', '2022-12-19 02:06:19.362887', 1, '数据流图，数据字典', 100, 7),
(26, '2022-12-19 02:06:19.370014', '2022-12-19 02:06:19.376155', 0, '软件流程图，模块说明', 100, 7),
(27, '2022-12-19 02:06:19.382923', '2022-12-19 02:06:19.390077', 0, '系统流程图，程序编码', 100, 7),
(28, '2022-12-19 02:06:19.396795', '2022-12-19 02:06:19.403060', 0, '业务图，数据字典', 100, 7),
(29, '2022-12-19 02:06:19.424160', '2022-12-19 02:06:19.430498', 0, '软件提供哪些信息', 100, 8),
(30, '2022-12-19 02:06:19.437925', '2022-12-19 02:06:19.448999', 0, '软件采用什么结构', 100, 8),
(31, '2022-12-19 02:06:19.455907', '2022-12-19 02:06:19.462351', 0, '软件怎样做', 100, 8),
(32, '2022-12-19 02:06:19.469632', '2022-12-19 02:06:19.476696', 1, '软件做什么', 100, 8),
(33, '2022-12-19 02:06:19.501706', '2022-12-19 02:06:19.508856', 0, '程序员', 100, 9),
(34, '2022-12-19 02:06:19.515464', '2022-12-19 02:06:19.521648', 0, '系统分析员', 100, 9),
(35, '2022-12-19 02:06:19.528293', '2022-12-19 02:06:19.534647', 1, '用户', 100, 9),
(36, '2022-12-19 02:06:19.541717', '2022-12-19 02:06:19.549271', 0, '开发人员', 100, 9),
(37, '2022-12-19 02:06:19.573244', '2022-12-19 02:06:19.580118', 0, 'HIPO 图', 100, 10),
(38, '2022-12-19 02:06:19.589238', '2022-12-19 02:06:19.596036', 0, 'DFD 图', 100, 10),
(39, '2022-12-19 02:06:19.603397', '2022-12-19 02:06:19.610093', 0, 'PAD 图', 100, 10),
(40, '2022-12-19 02:06:19.617298', '2022-12-19 02:06:19.624996', 1, '数据字典', 100, 10),
(41, '2022-12-19 02:06:19.671646', '2022-12-19 02:06:19.678302', 0, '详细设计', 101, 11),
(42, '2022-12-19 02:06:19.685968', '2022-12-19 02:06:19.692537', 0, '需求设计', 101, 11),
(43, '2022-12-19 02:06:19.699207', '2022-12-19 02:06:19.705354', 0, '编码', 101, 11),
(44, '2022-12-19 02:06:19.712053', '2022-12-19 02:06:19.717966', 1, '概要设计', 101, 11),
(45, '2022-12-19 02:06:19.737483', '2022-12-19 02:06:19.744919', 1, '集成测试', 101, 12),
(46, '2022-12-19 02:06:19.751967', '2022-12-19 02:06:19.757792', 0, '确认测试', 101, 12),
(47, '2022-12-19 02:06:19.764020', '2022-12-19 02:06:19.770277', 0, '系统测试', 101, 12),
(48, '2022-12-19 02:06:19.776854', '2022-12-19 02:06:19.783355', 0, '单元测试', 101, 12),
(49, '2022-12-19 02:06:19.809866', '2022-12-19 02:06:19.816084', 1, '测试是为了表明程序的正确性', 101, 13),
(50, '2022-12-19 02:06:19.822821', '2022-12-19 02:06:19.829525', 0, '成功的测试是发现了至今为止尚未发现的错误', 101, 13),
(51, '2022-12-19 02:06:19.837246', '2022-12-19 02:06:19.843310', 0, '测试是为了发现程序中的错误而执行程序的过程', 101, 13),
(52, '2022-12-19 02:06:19.849997', '2022-12-19 02:06:19.864651', 0, '好的测试方案是尽可能发现迄今为止尚未发现的错误', 101, 13),
(53, '2022-12-19 02:06:19.887401', '2022-12-19 02:06:19.893741', 0, '条件覆盖测试', 101, 14),
(54, '2022-12-19 02:06:19.900901', '2022-12-19 02:06:19.908004', 0, '逻辑覆盖测试', 101, 14),
(55, '2022-12-19 02:06:19.915402', '2022-12-19 02:06:19.925435', 1, '边界值分析', 101, 14),
(56, '2022-12-19 02:06:19.933468', '2022-12-19 02:06:19.939789', 0, '基本路径测试', 101, 14),
(57, '2022-12-19 02:06:19.967766', '2022-12-19 02:06:19.976309', 0, '静态测试', 101, 15),
(58, '2022-12-19 02:06:19.983506', '2022-12-19 02:06:19.990795', 0, '系统测试', 101, 15),
(59, '2022-12-19 02:06:19.998363', '2022-12-19 02:06:20.005223', 1, '模块测试', 101, 15),
(60, '2022-12-19 02:06:20.012989', '2022-12-19 02:06:20.020334', 0, '集成测试', 101, 15),
(61, '2022-12-19 02:06:20.040697', '2022-12-19 02:06:20.047124', 1, '因果图', 101, 16),
(62, '2022-12-19 02:06:20.054228', '2022-12-19 02:06:20.060778', 0, '等价类划分', 101, 16),
(63, '2022-12-19 02:06:20.068756', '2022-12-19 02:06:20.087516', 0, '错误猜测', 101, 16),
(64, '2022-12-19 02:06:20.094384', '2022-12-19 02:06:20.103184', 0, '边界值分析', 101, 16),
(65, '2022-12-19 02:06:20.130992', '2022-12-19 02:06:20.147575', 0, '测试计划', 101, 17),
(66, '2022-12-19 02:06:20.158192', '2022-12-19 02:06:20.168515', 0, '测试规则', 101, 17),
(67, '2022-12-19 02:06:20.178765', '2022-12-19 02:06:20.188233', 0, '以往测试记录分析', 101, 17),
(68, '2022-12-19 02:06:20.195722', '2022-12-19 02:06:20.202948', 1, '预期输出结果', 101, 17),
(69, '2022-12-19 02:06:20.225089', '2022-12-19 02:06:20.233609', 0, '边界测试', 101, 18),
(70, '2022-12-19 02:06:20.241598', '2022-12-19 02:06:20.249438', 0, '系统测试', 101, 18),
(71, '2022-12-19 02:06:20.261146', '2022-12-19 02:06:20.268696', 1, '白盒测试', 101, 18),
(72, '2022-12-19 02:06:20.275818', '2022-12-19 02:06:20.284947', 0, '黑盒测试', 101, 18),
(73, '2022-12-19 02:06:20.336838', '2023-02-09 23:56:53.167234', 0, '可靠性', 102, 19),
(74, '2022-12-19 02:06:20.350924', '2023-02-09 23:56:53.898081', 0, '可修改性', 102, 19),
(75, '2022-12-19 02:06:20.366241', '2022-12-19 02:06:20.373669', 1, '可维护性', 102, 19),
(76, '2022-12-19 02:06:20.383814', '2022-12-19 02:06:20.391028', 0, '可测试性', 102, 19),
(77, '2022-12-19 02:06:20.416771', '2022-12-19 02:06:20.423436', 0, '代码维护', 102, 20),
(78, '2022-12-19 02:06:20.436342', '2022-12-19 02:06:20.443364', 0, '文档维护', 102, 20),
(79, '2022-12-19 02:06:20.462144', '2023-02-09 23:57:01.096619', 0, '纠错性维护', 102, 20),
(80, '2022-12-19 02:06:20.481534', '2022-12-19 02:06:20.489918', 1, '预防性维护', 102, 20),
(81, '2022-12-19 02:06:20.518786', '2022-12-19 02:06:20.530366', 1, '开发合同', 102, 21),
(82, '2022-12-19 02:06:20.537825', '2022-12-19 02:06:20.547126', 0, '用户手册', 102, 21),
(83, '2022-12-19 02:06:20.558087', '2022-12-19 02:06:20.571533', 0, '系统管理员手册', 102, 21),
(84, '2022-12-19 02:06:20.578856', '2022-12-19 02:06:20.585442', 0, '验收测试报告', 102, 21),
(85, '2022-12-19 02:06:20.621607', '2022-12-19 02:06:20.629938', 0, '预防性维护', 102, 22),
(86, '2022-12-19 02:06:20.637661', '2022-12-19 02:06:20.650891', 0, '完善性维护', 102, 22),
(87, '2022-12-19 02:06:20.658871', '2022-12-19 02:06:20.667302', 0, '适当性维护', 102, 22),
(88, '2022-12-19 02:06:20.675445', '2022-12-19 02:06:20.682286', 1, '校正性维护', 102, 22),
(89, '2022-12-19 02:06:20.705474', '2022-12-19 02:06:20.712707', 0, '完整性', 102, 23),
(90, '2022-12-19 02:06:20.721022', '2022-12-19 02:06:20.728094', 1, '可靠性', 102, 23),
(91, '2022-12-19 02:06:20.734820', '2022-12-19 02:06:20.741019', 0, '可用性', 102, 23),
(92, '2022-12-19 02:06:20.752109', '2022-12-19 02:06:20.759158', 0, '正确性', 102, 23),
(93, '2022-12-19 02:06:20.785846', '2022-12-19 02:06:20.797478', 0, '预防性维护', 102, 24),
(94, '2022-12-19 02:06:20.805547', '2022-12-19 02:06:20.818663', 0, '改善性维护', 102, 24),
(95, '2022-12-19 02:06:20.826360', '2022-12-19 02:06:20.834874', 0, '纠错性维护', 102, 24),
(96, '2022-12-19 02:06:20.842835', '2022-12-19 02:06:20.851605', 1, '适应性维护', 102, 24),
(97, '2022-12-19 02:06:20.875717', '2022-12-19 02:06:20.883452', 1, '改正性维护', 102, 25),
(98, '2022-12-19 02:06:20.890500', '2022-12-19 02:06:20.897304', 0, '适应性维护', 102, 25),
(99, '2022-12-19 02:06:20.907371', '2022-12-19 02:06:20.914678', 0, '完善性维护', 102, 25),
(100, '2022-12-19 02:06:20.922512', '2022-12-19 02:06:20.934789', 0, '预防性维护', 102, 25),
(101, '2022-12-19 02:06:20.956093', '2022-12-19 02:06:20.962797', 0, '可靠性', 102, 26),
(102, '2022-12-19 02:06:20.969766', '2022-12-19 02:06:20.976418', 0, '可理解性', 102, 26),
(103, '2022-12-19 02:06:20.985660', '2022-12-19 02:06:20.991686', 1, '程序的无错误性', 102, 26),
(104, '2022-12-19 02:06:20.998019', '2022-12-19 02:06:21.005243', 0, '可移植性', 102, 26),
(105, '2022-12-19 02:06:21.032548', '2022-12-19 02:06:21.039870', 0, '开发时的错误', 102, 27),
(106, '2022-12-19 02:06:21.047067', '2022-12-19 02:06:21.053715', 0, '隐含的错误', 102, 27),
(108, '2022-12-19 02:06:21.079890', '2022-12-19 02:06:21.097041', 1, '因修改软件而造成的错误', 102, 27),
(109, '2022-12-19 02:06:21.176958', '2022-12-19 02:06:21.184363', 0, '通信内聚', 103, 28),
(110, '2022-12-19 02:06:21.192377', '2022-12-19 02:06:21.199681', 1, '功能内聚', 103, 28),
(111, '2022-12-19 02:06:21.207577', '2022-12-19 02:06:21.214503', 0, '逻辑内聚', 103, 28),
(112, '2022-12-19 02:06:21.223335', '2022-12-19 02:06:21.230446', 0, '时间内聚', 103, 28),
(113, '2022-12-19 02:06:21.255033', '2022-12-19 02:06:21.262148', 0, 'IPO', 103, 29),
(114, '2022-12-19 02:06:21.269519', '2022-12-19 02:06:21.276413', 0, 'PDL', 103, 29),
(115, '2022-12-19 02:06:21.283612', '2022-12-19 02:06:21.290690', 0, '判定树', 103, 29),
(116, '2022-12-19 02:06:21.297704', '2022-12-19 02:06:21.304451', 1, 'PAD', 103, 29),
(117, '2022-12-19 02:06:21.325565', '2022-12-19 02:06:21.333263', 0, '顺序的', 103, 30),
(118, '2022-12-19 02:06:21.342302', '2022-12-19 02:06:21.349787', 0, '选择的', 103, 30),
(119, '2022-12-19 02:06:21.357694', '2022-12-19 02:06:21.364695', 1, '以上全部', 103, 30),
(120, '2022-12-19 02:06:21.371783', '2022-12-19 02:06:21.382162', 0, '循环的', 103, 30),
(121, '2022-12-19 02:06:21.404469', '2022-12-19 02:06:21.412358', 0, 'FORTRAN', 103, 31),
(122, '2022-12-19 02:06:21.420102', '2022-12-19 02:06:21.428945', 0, 'COBOL 语言', 103, 31),
(123, '2022-12-19 02:06:21.436422', '2022-12-19 02:06:21.445260', 1, 'PASCAL 语言', 103, 31),
(124, '2022-12-19 02:06:21.453004', '2022-12-19 02:06:21.459709', 0, '汇编语言', 103, 31),
(125, '2022-12-19 02:06:21.485666', '2022-12-19 02:06:21.491534', 0, '外部接口', 103, 32),
(126, '2022-12-19 02:06:21.498926', '2022-12-19 02:06:21.505327', 0, '功能', 103, 32),
(127, '2022-12-19 02:06:21.512642', '2022-12-19 02:06:21.520964', 0, '编程', 103, 32),
(128, '2022-12-19 02:06:21.528354', '2022-12-19 02:06:21.535905', 1, '算法和使用的数据结构', 103, 32),
(129, '2022-12-19 02:06:21.559554', '2022-12-19 02:06:21.566422', 0, '控制耦合', 103, 33),
(130, '2022-12-19 02:06:21.574514', '2022-12-19 02:06:21.583258', 0, '公共耦合', 103, 33),
(131, '2022-12-19 02:06:21.591822', '2022-12-19 02:06:21.599387', 1, '数据耦合', 103, 33),
(132, '2022-12-19 02:06:21.607479', '2022-12-19 02:06:21.614714', 0, '内容耦合', 103, 33),
(133, '2022-12-19 02:06:21.637853', '2022-12-19 02:06:21.644355', 0, '容易使程序员不受任何约束，随意转移控制', 103, 34),
(134, '2022-12-19 02:06:21.652418', '2022-12-19 02:06:21.659167', 0, '每个符号对应于源程序的一行代码，对于提高系统的可理解性作用很小', 103, 34),
(135, '2022-12-19 02:06:21.666711', '2022-12-19 02:06:21.673723', 0, '不支持逐步求精，使程序员不去考虑系统的全局结构', 103, 34),
(136, '2022-12-19 02:06:21.681732', '2022-12-19 02:06:21.688721', 1, '不如其他图形工具直观，描述复杂的条件组合与动作间的对应关系不够明了', 103, 34),
(137, '2022-12-19 02:06:21.717290', '2022-12-19 02:06:21.724932', 0, '数据流程图、PAD 图、N-S 图和伪代码', 103, 35),
(138, '2022-12-19 02:06:21.740135', '2022-12-19 02:06:21.750237', 1, '程序流程图、PAD 图、N-S 图和伪代码', 103, 35),
(139, '2022-12-19 02:06:21.758926', '2022-12-19 02:06:21.766051', 0, '业务流程图、N-S 图、伪码', 103, 35),
(140, '2022-12-19 02:06:21.773404', '2022-12-19 02:06:21.780928', 0, '数据流程图、PAD 图、N-S 图', 103, 35),
(141, '2022-12-19 02:06:21.807690', '2022-12-19 02:06:21.814529', 0, '数据流', 103, 36),
(142, '2022-12-19 02:06:21.822391', '2022-12-19 02:06:21.829918', 0, '对象', 103, 36),
(143, '2022-12-19 02:06:21.836549', '2022-12-19 02:06:21.843160', 0, '控制结构', 103, 36),
(144, '2022-12-19 02:06:21.849978', '2022-12-19 02:06:21.858519', 1, '数据结构', 103, 36),
(145, '2022-12-19 02:06:21.880246', '2022-12-19 02:06:21.887227', 0, '顺序结构', 103, 37),
(146, '2022-12-19 02:06:21.895017', '2022-12-19 02:06:21.902449', 0, '选择结构', 103, 37),
(147, '2022-12-19 02:06:21.910524', '2022-12-19 02:06:21.918115', 1, '嵌套结构', 103, 37),
(148, '2022-12-19 02:06:21.932279', '2022-12-19 02:06:21.938350', 0, '条件结构', 103, 37),
(149, '2022-12-19 02:06:21.958977', '2022-12-19 02:06:21.966301', 0, '调用关系', 103, 38),
(150, '2022-12-19 02:06:21.973516', '2022-12-19 02:06:21.980138', 1, '控制流', 103, 38),
(151, '2022-12-19 02:06:21.987294', '2022-12-19 02:06:21.995168', 0, '数据流', 103, 38),
(152, '2022-12-19 02:06:22.005188', '2022-12-19 02:06:22.012217', 0, '组成关系', 103, 38),
(153, '2022-12-19 02:06:22.072563', '2022-12-19 02:06:22.080475', 0, '过程内聚', 104, 39),
(154, '2022-12-19 02:06:22.088829', '2022-12-19 02:06:22.096390', 1, '顺序内聚', 104, 39),
(155, '2022-12-19 02:06:22.103239', '2022-12-19 02:06:22.109531', 0, '逻辑内聚', 104, 39),
(156, '2022-12-19 02:06:22.117248', '2022-12-19 02:06:22.124491', 0, '时间内聚', 104, 39),
(157, '2022-12-19 02:06:22.161889', '2022-12-19 02:06:22.171238', 1, '模块划分', 104, 40),
(158, '2022-12-19 02:06:22.178545', '2022-12-19 02:06:22.185514', 0, '物理结构设计阶段', 104, 40),
(159, '2022-12-19 02:06:22.197159', '2022-12-19 02:06:22.204235', 0, '逻辑结构设计阶段', 104, 40),
(160, '2022-12-19 02:06:22.211516', '2022-12-19 02:06:22.217984', 0, '概念结构设计阶段', 104, 40),
(161, '2022-12-19 02:06:22.239163', '2022-12-19 02:06:22.246218', 0, '控制结构', 104, 41),
(162, '2022-12-19 02:06:22.253646', '2022-12-19 02:06:22.259977', 0, '系统结构', 104, 41),
(163, '2022-12-19 02:06:22.267216', '2022-12-19 02:06:22.273857', 1, '信息流', 104, 41),
(164, '2022-12-19 02:06:22.281935', '2022-12-19 02:06:22.289233', 0, '数据流', 104, 41),
(165, '2022-12-19 02:06:22.314039', '2022-12-19 02:06:22.320643', 0, '过程性内聚', 104, 42),
(166, '2022-12-19 02:06:22.330389', '2022-12-19 02:06:22.337245', 0, '逻辑性内聚', 104, 42),
(167, '2022-12-19 02:06:22.344520', '2022-12-19 02:06:22.351485', 1, '功能性内聚', 104, 42),
(168, '2022-12-19 02:06:22.358880', '2022-12-19 02:06:22.366050', 0, '顺序性内聚', 104, 42),
(169, '2022-12-19 02:06:22.387288', '2022-12-19 02:06:22.395719', 0, '系统分析', 104, 43),
(170, '2022-12-19 02:06:22.403338', '2022-12-19 02:06:22.411350', 0, '代码设计', 104, 43),
(171, '2022-12-19 02:06:22.419081', '2022-12-19 02:06:22.426680', 1, '软件需求', 104, 43),
(172, '2022-12-19 02:06:22.434913', '2022-12-19 02:06:22.442688', 0, '详细设计', 104, 43),
(173, '2022-12-19 02:06:22.468169', '2022-12-19 02:06:22.475233', 0, '数据结构', 104, 44),
(174, '2022-12-19 02:06:22.482338', '2022-12-19 02:06:22.489840', 0, '系统数据要求', 104, 44),
(175, '2022-12-19 02:06:22.497637', '2022-12-19 02:06:22.504645', 1, '数据流图', 104, 44),
(176, '2022-12-19 02:06:22.514334', '2022-12-19 02:06:22.522153', 0, '数据流', 104, 44),
(177, '2022-12-19 02:06:22.547697', '2022-12-19 02:06:22.555590', 0, '体现统一的风格', 104, 45),
(178, '2022-12-19 02:06:22.563547', '2022-12-19 02:06:22.570979', 0, '结构应该尽可能满足变更的要求', 104, 45),
(179, '2022-12-19 02:06:22.580715', '2022-12-19 02:06:22.588488', 1, '使摸块的作用域在该模块的控制域外', 104, 45),
(180, '2022-12-19 02:06:22.597186', '2022-12-19 02:06:22.604406', 0, '提高模块的独立性', 104, 45),
(181, '2022-12-19 02:06:22.638457', '2022-12-19 02:06:22.646979', 1, '公共耦合', 104, 46),
(182, '2022-12-19 02:06:22.656329', '2022-12-19 02:06:22.664332', 0, '内容耦合', 104, 46),
(183, '2022-12-19 02:06:22.672086', '2022-12-19 02:06:22.679169', 0, '外部耦合', 104, 46),
(184, '2022-12-19 02:06:22.692075', '2022-12-19 02:06:22.698740', 0, '控制耦合', 104, 46),
(185, '2022-12-19 02:06:22.736933', '2022-12-19 02:06:22.743924', 0, '软件结构图', 104, 47),
(186, '2022-12-19 02:06:22.751282', '2022-12-19 02:06:22.760944', 0, '程序流程图', 104, 47),
(187, '2022-12-19 02:06:22.768261', '2022-12-19 02:06:22.775118', 0, '系统流程图', 104, 47),
(188, '2022-12-19 02:06:22.781632', '2022-12-19 02:06:22.788901', 1, '数据流图', 104, 47),
(189, '2022-12-19 02:06:22.811397', '2022-12-19 02:06:22.817961', 0, '数据结构和数据库设计', 104, 48),
(190, '2022-12-19 02:06:22.825130', '2022-12-19 02:06:22.831710', 0, '设计软件系统结构', 104, 48),
(191, '2022-12-19 02:06:22.839295', '2022-12-19 02:06:22.845917', 0, '编写概要设计文档', 104, 48),
(192, '2022-12-19 02:06:22.852974', '2022-12-19 02:06:22.859749', 1, '编写测试报告', 104, 48),
(193, '2022-12-19 02:06:22.881001', '2022-12-19 02:06:22.887543', 0, '交换流和数据流', 104, 49),
(194, '2022-12-19 02:06:22.895734', '2022-12-19 02:06:22.902872', 0, '信息流与控制流', 104, 49),
(195, '2022-12-19 02:06:22.910388', '2022-12-19 02:06:22.918999', 1, '交换流和事务流', 104, 49),
(196, '2022-12-19 02:06:22.938834', '2022-12-19 02:06:22.947249', 0, '数据流与事务流', 104, 49),
(197, '2022-12-19 02:06:22.977956', '2022-12-19 02:06:22.984839', 0, '事件', 104, 50),
(198, '2022-12-19 02:06:22.992339', '2022-12-19 02:06:22.999948', 1, '数据', 104, 50),
(199, '2022-12-19 02:06:23.011415', '2022-12-19 02:06:23.019096', 0, '分析结果', 104, 50),
(200, '2022-12-19 02:06:23.031670', '2022-12-19 02:06:23.039685', 0, '动作', 104, 50),
(201, '2022-12-19 02:06:23.060798', '2022-12-19 02:06:23.067756', 0, '信息隐蔽', 104, 51),
(202, '2022-12-19 02:06:23.075760', '2022-12-19 02:06:23.084374', 1, '模块化', 104, 51),
(203, '2022-12-19 02:06:23.100017', '2022-12-19 02:06:23.107406', 0, '自下而上', 104, 51),
(204, '2022-12-19 02:06:23.117643', '2022-12-19 02:06:23.124872', 0, '抽象', 104, 51),
(205, '2022-12-19 02:06:23.181576', '2022-12-19 02:06:23.188638', 0, '其他工程科学的影响', 105, 52),
(206, '2022-12-19 02:06:23.195803', '2022-12-19 02:06:23.202781', 0, '程序设计方法学的影响', 105, 52),
(207, '2022-12-19 02:06:23.209869', '2022-12-19 02:06:23.215929', 1, '软件危机的出现', 105, 52),
(208, '2022-12-19 02:06:23.226913', '2022-12-19 02:06:23.233380', 0, '计算机的发展', 105, 52),
(209, '2022-12-19 02:06:23.258928', '2022-12-19 02:06:23.268404', 1, '模块化', 105, 53),
(210, '2022-12-19 02:06:23.283693', '2022-12-19 02:06:23.295572', 0, '信息隐蔽', 105, 53),
(211, '2022-12-19 02:06:23.303996', '2022-12-19 02:06:23.312602', 0, '自下而上', 105, 53),
(212, '2022-12-19 02:06:23.321079', '2022-12-19 02:06:23.328078', 0, '抽象', 105, 53),
(213, '2022-12-19 02:06:23.351836', '2022-12-19 02:06:23.358574', 0, '开发效率', 105, 54),
(214, '2022-12-19 02:06:23.369008', '2022-12-19 02:06:23.376895', 1, '生产工程化', 105, 54),
(215, '2022-12-19 02:06:23.385792', '2022-12-19 02:06:23.394723', 0, '质量保证', 105, 54),
(216, '2022-12-19 02:06:23.404312', '2022-12-19 02:06:23.411500', 0, '软件危机', 105, 54),
(217, '2022-12-19 02:06:23.433717', '2022-12-19 02:06:23.440539', 0, '系统流程图、程序编码', 105, 55),
(218, '2022-12-19 02:06:23.447323', '2022-12-19 02:06:23.453531', 1, '数据流程图、数据字典', 105, 55),
(219, '2022-12-19 02:06:23.460356', '2022-12-19 02:06:23.466974', 0, '软件流程图、模块说明', 105, 55),
(220, '2022-12-19 02:06:23.473920', '2022-12-19 02:06:23.480191', 0, '业务流程图、处理说明', 105, 55),
(221, '2022-12-19 02:06:23.501882', '2022-12-19 02:06:23.508666', 0, '数据', 105, 56),
(222, '2022-12-19 02:06:23.515903', '2022-12-19 02:06:23.522800', 0, '文档', 105, 56),
(223, '2022-12-19 02:06:23.529676', '2022-12-19 02:06:23.536553', 1, '界面', 105, 56),
(224, '2022-12-19 02:06:23.544022', '2022-12-19 02:06:23.551583', 0, '程序', 105, 56),
(225, '2022-12-19 02:06:23.574745', '2022-12-19 02:06:23.583984', 1, 'V 模型', 105, 57),
(226, '2022-12-19 02:06:23.591744', '2022-12-19 02:06:23.599128', 0, 'XP(eXtreme Programming ）', 105, 57),
(227, '2022-12-19 02:06:23.610720', '2022-12-19 02:06:23.619531', 0, 'OPEN UP', 105, 57),
(228, '2022-12-19 02:06:23.627848', '2022-12-19 02:06:23.634951', 0, 'Scrum', 105, 57),
(229, '2022-12-19 02:06:23.657718', '2022-12-19 02:06:23.666181', 0, '活动图', 105, 58),
(230, '2022-12-19 02:06:23.675442', '2022-12-19 02:06:23.682105', 0, '用例图', 105, 58),
(231, '2022-12-19 02:06:23.690469', '2022-12-19 02:06:23.697612', 0, '顺序图', 105, 58),
(232, '2022-12-19 02:06:23.705491', '2022-12-19 02:06:23.716511', 1, '流程图', 105, 58),
(233, '2022-12-19 02:06:23.737876', '2022-12-19 02:06:23.744830', 0, '开发的软件可靠性差', 105, 59),
(234, '2022-12-19 02:06:23.755093', '2022-12-19 02:06:23.765687', 0, '开发的软件不满足用户的需要', 105, 59),
(235, '2022-12-19 02:06:23.773071', '2022-12-19 02:06:23.780402', 0, '开发的软件可维护性差', 105, 59),
(236, '2022-12-19 02:06:23.788287', '2022-12-19 02:06:23.796444', 1, '开发的软件价格便宜', 105, 59),
(237, '2022-12-19 02:06:23.821122', '2022-12-19 02:06:23.828120', 0, '软件设计', 105, 60),
(238, '2022-12-19 02:06:23.836439', '2022-12-19 02:06:23.843631', 0, '软件构造', 105, 60),
(239, '2022-12-19 02:06:23.852322', '2022-12-19 02:06:23.860878', 1, '工程基础', 105, 60),
(240, '2022-12-19 02:06:23.869983', '2022-12-19 02:06:23.878357', 0, '软件需求', 105, 60),
(241, '2022-12-19 02:06:23.906423', '2022-12-19 02:06:23.914422', 1, '软件工程经济', 105, 61),
(242, '2022-12-19 02:06:23.924637', '2022-12-19 02:06:23.932002', 0, '软件工程环境', 105, 61),
(243, '2022-12-19 02:06:23.939292', '2022-12-19 02:06:23.947413', 0, '软件开发工具', 105, 61),
(244, '2022-12-19 02:06:23.963803', '2022-12-19 02:06:23.977064', 0, '软件开发方法', 105, 61),
(245, '2022-12-19 02:06:24.000681', '2022-12-19 02:06:24.008361', 0, '是在计算机硬件设备生产过程中生产出来的', 105, 62),
(246, '2022-12-19 02:06:24.017361', '2022-12-19 02:06:24.025480', 0, '不能作为商品参与交易', 105, 62),
(247, '2022-12-19 02:06:24.034135', '2022-12-19 02:06:24.045382', 0, '只存在于计算机系统工作时', 105, 62),
(248, '2022-12-19 02:06:24.054284', '2022-12-19 02:06:24.061571', 1, '是计算机系统的组成部分', 105, 62),
(249, '2022-12-19 02:06:24.090757', '2022-12-19 02:06:24.098886', 1, '数据流', 105, 63),
(250, '2022-12-19 02:06:24.107582', '2022-12-19 02:06:24.115426', 0, '目标', 105, 63),
(251, '2022-12-19 02:06:24.124331', '2022-12-19 02:06:24.131737', 0, '功能', 105, 63),
(252, '2022-12-19 02:06:24.141282', '2022-12-19 02:06:24.155910', 0, '对象', 105, 63),
(253, '2022-12-19 02:06:24.210644', '2022-12-19 02:06:24.229367', 1, '3', 106, 64),
(254, '2022-12-19 02:06:24.238485', '2022-12-19 02:06:24.246987', 0, '4', 106, 64),
(255, '2022-12-19 02:06:24.255686', '2022-12-19 02:06:24.266815', 0, '2', 106, 64),
(256, '2022-12-19 02:06:24.274964', '2022-12-19 02:06:24.282920', 0, '1', 106, 64),
(257, '2022-12-19 02:06:24.305780', '2023-01-16 13:59:10.287926', 0, '随意跳转', 106, 65),
(258, '2022-12-19 02:06:24.320580', '2023-01-16 13:59:12.700537', 0, '单出口', 106, 65),
(259, '2022-12-19 02:06:24.335312', '2023-01-16 13:59:12.031700', 0, '单入口', 106, 65),
(260, '2022-12-19 02:06:24.350397', '2022-12-19 02:06:24.357821', 1, '分支', 106, 65),
(261, '2022-12-19 02:06:24.381453', '2022-12-19 02:06:24.389242', 0, '需求分析', 106, 66),
(262, '2022-12-19 02:06:24.397142', '2022-12-19 02:06:24.404769', 0, '详细设计', 106, 66),
(263, '2022-12-19 02:06:24.412038', '2022-12-19 02:06:24.418915', 0, '测试', 106, 66),
(264, '2022-12-19 02:06:24.426301', '2022-12-19 02:06:24.434287', 1, '编码', 106, 66),
(265, '2022-12-19 02:06:24.457848', '2023-01-19 13:07:25.617387', 0, '110', 106, 67),
(266, '2022-12-19 02:06:24.471891', '2022-12-19 02:06:24.478312', 0, '100', 106, 67),
(267, '2022-12-19 02:06:24.486267', '2023-01-19 13:07:26.279612', 1, '10', 106, 67),
(268, '2022-12-19 02:06:24.501456', '2022-12-19 02:06:24.511267', 0, '0', 106, 67),
(269, '2022-12-19 02:06:24.537820', '2022-12-19 02:06:24.545735', 0, '测试效率', 106, 68),
(270, '2022-12-19 02:06:24.561104', '2022-12-19 02:06:24.571470', 0, '维护效率', 106, 68),
(271, '2022-12-19 02:06:24.580180', '2022-12-19 02:06:24.587768', 0, '开发效率', 106, 68),
(272, '2022-12-19 02:06:24.595769', '2022-12-19 02:06:24.603609', 1, '输入输出效率', 106, 68),
(273, '2022-12-19 02:06:24.627098', '2022-12-19 02:06:24.634249', 1, '改正错误', 106, 69),
(274, '2022-12-19 02:06:24.641816', '2022-12-19 02:06:24.649848', 0, '改善软件的性能', 106, 69),
(275, '2022-12-19 02:06:24.658210', '2022-12-19 02:06:24.666514', 0, '发现错误', 106, 69),
(276, '2022-12-19 02:06:24.674254', '2022-12-19 02:06:24.687028', 0, '挖掘软件的潜能', 106, 69),
(277, '2023-02-10 00:02:39.652235', '2023-03-14 14:14:12.189226', 0, '算', 108, 70),
(278, '2023-02-10 00:02:39.653809', '2023-02-10 00:06:19.825613', 0, '不算', 108, 70),
(279, '2023-03-14 14:13:00.078113', '2023-03-14 14:13:00.098843', 0, '不知道', 108, 71),
(280, '2023-03-14 14:13:00.100101', '2023-03-14 14:13:00.102315', 0, '真的不知道', 108, 71);

-- --------------------------------------------------------

--
-- 表的结构 `core_student`
--

CREATE TABLE IF NOT EXISTS `core_student` (
  `id` bigint(20) NOT NULL,
  `create_time` datetime(6) NOT NULL,
  `update_time` datetime(6) NOT NULL,
  `attend_date` datetime(6) NOT NULL,
  `grade` varchar(10) NOT NULL,
  `classroom_id` bigint(20) NOT NULL,
  `user_id` bigint(20) NOT NULL
) ENGINE=InnoDB AUTO_INCREMENT=32 DEFAULT CHARSET=utf8mb4;

--
-- 转存表中的数据 `core_student`
--

INSERT INTO `core_student` (`id`, `create_time`, `update_time`, `attend_date`, `grade`, `classroom_id`, `user_id`) VALUES
(1, '2022-12-19 02:06:14.650601', '2022-12-19 02:06:14.658139', '2022-12-19 02:06:14.650311', '3', 3, 101),
(2, '2022-12-19 02:06:14.681584', '2022-12-19 02:06:14.691038', '2022-12-19 02:06:14.681349', '3', 3, 102),
(3, '2022-12-19 02:06:14.716928', '2022-12-19 02:06:14.724496', '2022-12-19 02:06:14.716694', '3', 3, 103),
(4, '2022-12-19 02:06:14.749754', '2022-12-19 02:06:14.756723', '2022-12-19 02:06:14.749472', '3', 3, 104),
(5, '2022-12-19 02:06:14.781960', '2022-12-19 02:06:14.790808', '2022-12-19 02:06:14.781725', '3', 3, 105),
(6, '2022-12-19 02:06:14.815232', '2022-12-19 02:06:14.821630', '2022-12-19 02:06:14.815018', '3', 3, 106),
(7, '2022-12-19 02:06:14.845016', '2022-12-19 02:06:14.852826', '2022-12-19 02:06:14.844802', '3', 3, 107),
(8, '2022-12-19 02:06:14.879320', '2022-12-19 02:06:14.888115', '2022-12-19 02:06:14.879107', '3', 3, 108),
(9, '2022-12-19 02:06:14.919485', '2022-12-19 02:06:14.928342', '2022-12-19 02:06:14.919250', '3', 3, 109),
(10, '2022-12-19 02:06:14.957076', '2022-12-19 02:06:14.964505', '2022-12-19 02:06:14.956834', '3', 3, 110),
(11, '2022-12-19 02:06:14.993206', '2022-12-19 02:06:15.000242', '2022-12-19 02:06:14.992991', '3', 3, 111),
(12, '2022-12-19 02:06:15.030304', '2022-12-19 02:06:15.038249', '2022-12-19 02:06:15.030089', '3', 3, 112),
(13, '2022-12-19 02:06:15.062443', '2022-12-19 02:06:15.068413', '2022-12-19 02:06:15.062240', '3', 3, 113),
(14, '2022-12-19 02:06:15.103206', '2022-12-19 02:06:15.109919', '2022-12-19 02:06:15.102998', '3', 3, 114),
(15, '2022-12-19 02:06:15.132534', '2022-12-19 02:06:15.139382', '2022-12-19 02:06:15.132351', '3', 3, 115),
(16, '2022-12-19 02:06:15.167405', '2022-12-19 02:06:15.174551', '2022-12-19 02:06:15.167200', '3', 3, 116),
(17, '2022-12-19 02:06:15.198805', '2022-12-19 02:06:15.207495', '2022-12-19 02:06:15.198586', '3', 3, 117),
(18, '2022-12-19 02:06:15.233211', '2022-12-19 02:06:15.241225', '2022-12-19 02:06:15.232996', '3', 3, 118),
(19, '2022-12-19 02:06:15.266731', '2022-12-19 02:06:15.273295', '2022-12-19 02:06:15.266512', '3', 3, 119),
(20, '2022-12-19 02:06:15.296019', '2022-12-19 02:06:15.304477', '2022-12-19 02:06:15.295765', '3', 3, 120),
(21, '2022-12-19 02:06:15.327995', '2022-12-19 02:06:15.335718', '2022-12-19 02:06:15.327741', '3', 3, 121),
(22, '2022-12-19 02:06:15.358276', '2022-12-19 02:06:15.365056', '2022-12-19 02:06:15.358044', '3', 3, 122),
(23, '2022-12-19 02:06:15.388195', '2022-12-19 02:06:15.394379', '2022-12-19 02:06:15.387984', '3', 3, 123),
(24, '2022-12-19 02:06:15.416669', '2022-12-19 02:06:15.423051', '2022-12-19 02:06:15.416433', '3', 3, 124),
(25, '2022-12-19 02:06:15.445076', '2022-12-19 02:06:15.451600', '2022-12-19 02:06:15.444876', '3', 3, 125),
(26, '2022-12-19 02:06:15.479499', '2022-12-19 02:06:15.486333', '2022-12-19 02:06:15.479194', '3', 3, 126),
(27, '2022-12-19 02:06:15.508366', '2022-12-19 02:06:15.515001', '2022-12-19 02:06:15.508170', '3', 3, 127),
(28, '2022-12-19 02:06:15.536705', '2022-12-19 02:06:15.542999', '2022-12-19 02:06:15.536491', '3', 3, 128),
(29, '2022-12-19 02:06:15.567484', '2022-12-19 02:06:15.573501', '2022-12-19 02:06:15.567293', '3', 3, 129),
(30, '2022-12-19 02:06:15.594871', '2022-12-19 02:06:15.601522', '2022-12-19 02:06:15.594666', '3', 3, 130),
(31, '2022-12-19 02:06:15.635773', '2022-12-19 02:06:15.643293', '2022-12-19 02:06:15.635508', '3', 3, 131);

-- --------------------------------------------------------

--
-- 表的结构 `core_studentcourseattend`
--

CREATE TABLE IF NOT EXISTS `core_studentcourseattend` (
  `id` bigint(20) NOT NULL,
  `create_time` datetime(6) NOT NULL,
  `update_time` datetime(6) NOT NULL,
  `sign_in_time` datetime(6) DEFAULT NULL,
  `result` varchar(256) NOT NULL,
  `student_id` bigint(20) NOT NULL,
  `task_id` bigint(20) NOT NULL
) ENGINE=InnoDB AUTO_INCREMENT=125 DEFAULT CHARSET=utf8mb4;

--
-- 转存表中的数据 `core_studentcourseattend`
--

INSERT INTO `core_studentcourseattend` (`id`, `create_time`, `update_time`, `sign_in_time`, `result`, `student_id`, `task_id`) VALUES
(1, '2023-01-16 13:58:56.697712', '2023-01-16 13:58:56.725492', NULL, '正常', 1, 1),
(2, '2023-01-16 13:58:56.727050', '2023-01-16 13:58:56.728109', NULL, '请假', 2, 1),
(3, '2023-01-16 13:58:56.729053', '2023-01-16 13:58:56.784081', NULL, '缺勤', 3, 1),
(4, '2023-01-16 13:58:56.785504', '2023-01-16 13:58:56.786145', NULL, '缺勤', 4, 1),
(5, '2023-01-16 13:58:56.787178', '2023-01-16 13:58:56.787649', NULL, '缺勤', 5, 1),
(6, '2023-01-16 13:58:56.788639', '2023-01-16 13:58:56.789126', NULL, '缺勤', 6, 1),
(7, '2023-01-16 13:58:56.790156', '2023-01-16 13:58:56.790812', NULL, '缺勤', 7, 1),
(8, '2023-01-16 13:58:56.792054', '2023-01-16 13:58:56.792738', NULL, '缺勤', 8, 1),
(9, '2023-01-16 13:58:56.793962', '2023-01-16 13:58:56.794593', NULL, '缺勤', 9, 1),
(10, '2023-01-16 13:58:56.795586', '2023-01-16 13:58:56.796240', NULL, '缺勤', 10, 1),
(11, '2023-01-16 13:58:56.797191', '2023-01-16 13:58:56.797699', NULL, '缺勤', 11, 1),
(12, '2023-01-16 13:58:56.798691', '2023-01-16 13:58:56.799261', NULL, '缺勤', 12, 1),
(13, '2023-01-16 13:58:56.800229', '2023-01-16 13:58:56.800789', NULL, '缺勤', 13, 1),
(14, '2023-01-16 13:58:56.801733', '2023-01-16 13:58:56.802224', NULL, '缺勤', 14, 1),
(15, '2023-01-16 13:58:56.803197', '2023-01-16 13:58:56.804042', NULL, '缺勤', 15, 1),
(16, '2023-01-16 13:58:56.805044', '2023-01-16 13:58:56.805569', NULL, '缺勤', 16, 1),
(17, '2023-01-16 13:58:56.806455', '2023-01-16 13:58:56.806969', NULL, '缺勤', 17, 1),
(18, '2023-01-16 13:58:56.807829', '2023-01-16 13:58:56.808309', NULL, '缺勤', 18, 1),
(19, '2023-01-16 13:58:56.809282', '2023-01-16 13:58:56.810003', NULL, '缺勤', 19, 1),
(20, '2023-01-16 13:58:56.810928', '2023-01-16 13:58:56.811436', NULL, '缺勤', 20, 1),
(21, '2023-01-16 13:58:56.812316', '2023-01-16 13:58:56.812816', NULL, '缺勤', 21, 1),
(22, '2023-01-16 13:58:56.813769', '2023-01-16 13:58:56.814209', NULL, '缺勤', 22, 1),
(23, '2023-01-16 13:58:56.815091', '2023-01-16 13:58:56.815645', NULL, '缺勤', 23, 1),
(24, '2023-01-16 13:58:56.816649', '2023-01-16 13:58:56.817185', NULL, '缺勤', 24, 1),
(25, '2023-01-16 13:58:56.818102', '2023-01-16 13:58:56.818681', NULL, '缺勤', 25, 1),
(26, '2023-01-16 13:58:56.819632', '2023-01-16 13:58:56.820138', NULL, '缺勤', 26, 1),
(27, '2023-01-16 13:58:56.821171', '2023-01-16 13:58:56.821674', NULL, '缺勤', 27, 1),
(28, '2023-01-16 13:58:56.822642', '2023-01-16 13:58:56.823132', NULL, '缺勤', 28, 1),
(29, '2023-01-16 13:58:56.824044', '2023-01-16 13:58:56.824507', NULL, '缺勤', 29, 1),
(30, '2023-01-16 13:58:56.825361', '2023-01-16 13:58:56.825826', NULL, '缺勤', 30, 1),
(31, '2023-01-16 13:58:56.826669', '2023-01-16 13:58:56.827093', NULL, '缺勤', 31, 1),
(32, '2023-02-09 23:55:05.687624', '2023-02-09 23:55:05.688266', NULL, '缺勤', 1, 2),
(33, '2023-02-09 23:55:05.689182', '2023-02-09 23:55:05.690129', NULL, '正常', 2, 2),
(34, '2023-02-09 23:55:05.691020', '2023-02-09 23:55:05.691526', NULL, '缺勤', 3, 2),
(35, '2023-02-09 23:55:05.692258', '2023-02-09 23:55:33.910793', '2023-02-09 23:55:33.910721', '正常', 4, 2),
(36, '2023-02-09 23:55:05.693335', '2023-02-09 23:55:05.693759', NULL, '缺勤', 5, 2),
(37, '2023-02-09 23:55:05.694463', '2023-02-09 23:55:05.694861', NULL, '缺勤', 6, 2),
(38, '2023-02-09 23:55:05.695880', '2023-02-09 23:55:05.707270', NULL, '缺勤', 7, 2),
(39, '2023-02-09 23:55:05.708372', '2023-02-09 23:55:05.708803', NULL, '缺勤', 8, 2),
(40, '2023-02-09 23:55:05.709604', '2023-02-09 23:55:05.710142', NULL, '缺勤', 9, 2),
(41, '2023-02-09 23:55:05.711014', '2023-02-09 23:55:05.711447', NULL, '缺勤', 10, 2),
(42, '2023-02-09 23:55:05.712190', '2023-02-09 23:55:05.712629', NULL, '缺勤', 11, 2),
(43, '2023-02-09 23:55:05.713744', '2023-02-09 23:55:05.714198', NULL, '缺勤', 12, 2),
(44, '2023-02-09 23:55:05.714995', '2023-02-09 23:55:05.715546', NULL, '缺勤', 13, 2),
(45, '2023-02-09 23:55:05.716264', '2023-02-09 23:55:05.716630', NULL, '缺勤', 14, 2),
(46, '2023-02-09 23:55:05.717316', '2023-02-09 23:55:05.717659', NULL, '缺勤', 15, 2),
(47, '2023-02-09 23:55:05.718330', '2023-02-09 23:55:05.718680', NULL, '缺勤', 16, 2),
(48, '2023-02-09 23:55:05.719353', '2023-02-09 23:55:05.719704', NULL, '缺勤', 17, 2),
(49, '2023-02-09 23:55:05.720395', '2023-02-09 23:55:05.720765', NULL, '缺勤', 18, 2),
(50, '2023-02-09 23:55:05.721469', '2023-02-09 23:55:05.721828', NULL, '缺勤', 19, 2),
(51, '2023-02-09 23:55:05.722581', '2023-02-09 23:55:05.723005', NULL, '缺勤', 20, 2),
(52, '2023-02-09 23:55:05.723782', '2023-02-09 23:55:05.724162', NULL, '缺勤', 21, 2),
(53, '2023-02-09 23:55:05.724824', '2023-02-09 23:55:05.725162', NULL, '缺勤', 22, 2),
(54, '2023-02-09 23:55:05.725867', '2023-02-09 23:55:05.726254', NULL, '缺勤', 23, 2),
(55, '2023-02-09 23:55:05.726894', '2023-02-09 23:55:05.727265', NULL, '缺勤', 24, 2),
(56, '2023-02-09 23:55:05.727906', '2023-02-09 23:55:05.728263', NULL, '缺勤', 25, 2),
(57, '2023-02-09 23:55:05.728870', '2023-02-09 23:55:05.729237', NULL, '缺勤', 26, 2),
(58, '2023-02-09 23:55:05.730032', '2023-02-09 23:55:05.730488', NULL, '缺勤', 27, 2),
(59, '2023-02-09 23:55:05.731239', '2023-02-09 23:55:05.731627', NULL, '缺勤', 28, 2),
(60, '2023-02-09 23:55:05.732392', '2023-02-09 23:55:05.732770', NULL, '缺勤', 29, 2),
(61, '2023-02-09 23:55:05.733484', '2023-02-09 23:55:05.733870', NULL, '缺勤', 30, 2),
(62, '2023-02-09 23:55:05.734632', '2023-02-09 23:55:05.735171', NULL, '缺勤', 31, 2),
(63, '2023-03-13 10:47:17.353065', '2023-03-13 10:47:17.400655', NULL, '缺勤', 1, 3),
(64, '2023-03-13 10:47:17.401743', '2023-03-13 10:47:17.402222', NULL, '请假', 2, 3),
(65, '2023-03-13 10:47:17.402944', '2023-03-13 10:47:17.424322', NULL, '缺勤', 3, 3),
(66, '2023-03-13 10:47:17.425373', '2023-03-13 10:48:01.731760', '2023-03-13 10:48:01.731620', '正常', 4, 3),
(67, '2023-03-13 10:47:17.426515', '2023-03-13 10:47:17.426863', NULL, '缺勤', 5, 3),
(68, '2023-03-13 10:47:17.427506', '2023-03-13 10:47:17.427863', NULL, '缺勤', 6, 3),
(69, '2023-03-13 10:47:17.428485', '2023-03-13 10:47:17.430164', NULL, '缺勤', 7, 3),
(70, '2023-03-13 10:47:17.430836', '2023-03-13 10:47:17.431159', NULL, '缺勤', 8, 3),
(71, '2023-03-13 10:47:17.431838', '2023-03-13 10:47:17.434585', NULL, '缺勤', 9, 3),
(72, '2023-03-13 10:47:17.435718', '2023-03-13 10:47:17.518304', NULL, '缺勤', 10, 3),
(73, '2023-03-13 10:47:17.519493', '2023-03-13 10:47:17.521994', NULL, '缺勤', 11, 3),
(74, '2023-03-13 10:47:17.523168', '2023-03-13 10:47:17.523726', NULL, '缺勤', 12, 3),
(75, '2023-03-13 10:47:17.524748', '2023-03-13 10:47:17.525434', NULL, '缺勤', 13, 3),
(76, '2023-03-13 10:47:17.526436', '2023-03-13 10:47:17.549068', NULL, '缺勤', 14, 3),
(77, '2023-03-13 10:47:17.550180', '2023-03-13 10:47:17.552108', NULL, '缺勤', 15, 3),
(78, '2023-03-13 10:47:17.553193', '2023-03-13 10:47:17.554720', NULL, '缺勤', 16, 3),
(79, '2023-03-13 10:47:17.556145', '2023-03-13 10:47:17.557640', NULL, '缺勤', 17, 3),
(80, '2023-03-13 10:47:17.558690', '2023-03-13 10:47:17.559227', NULL, '缺勤', 18, 3),
(81, '2023-03-13 10:47:17.560154', '2023-03-13 10:47:17.560621', NULL, '缺勤', 19, 3),
(82, '2023-03-13 10:47:17.561603', '2023-03-13 10:47:17.563051', NULL, '缺勤', 20, 3),
(83, '2023-03-13 10:47:17.563914', '2023-03-13 10:47:17.564368', NULL, '缺勤', 21, 3),
(84, '2023-03-13 10:47:17.565198', '2023-03-13 10:47:17.566551', NULL, '缺勤', 22, 3),
(85, '2023-03-13 10:47:17.567304', '2023-03-13 10:47:17.567677', NULL, '缺勤', 23, 3),
(86, '2023-03-13 10:47:17.568437', '2023-03-13 10:47:17.569875', NULL, '缺勤', 24, 3),
(87, '2023-03-13 10:47:17.570610', '2023-03-13 10:47:17.593973', NULL, '缺勤', 25, 3),
(88, '2023-03-13 10:47:17.595057', '2023-03-13 10:47:17.596443', NULL, '缺勤', 26, 3),
(89, '2023-03-13 10:47:17.597298', '2023-03-13 10:47:17.598545', NULL, '缺勤', 27, 3),
(90, '2023-03-13 10:47:17.599300', '2023-03-13 10:47:17.599683', NULL, '缺勤', 28, 3),
(91, '2023-03-13 10:47:17.600519', '2023-03-13 10:47:17.602013', NULL, '缺勤', 29, 3),
(92, '2023-03-13 10:47:17.602843', '2023-03-13 10:47:17.603232', NULL, '缺勤', 30, 3),
(93, '2023-03-13 10:47:17.603933', '2023-03-13 10:47:17.604328', NULL, '缺勤', 31, 3),
(94, '2023-03-13 10:59:40.154700', '2023-03-13 10:59:40.204306', NULL, '缺勤', 1, 4),
(95, '2023-03-13 10:59:40.205376', '2023-03-13 10:59:40.205803', NULL, '缺勤', 2, 4),
(96, '2023-03-13 10:59:40.206533', '2023-03-13 10:59:40.218647', NULL, '缺勤', 3, 4),
(97, '2023-03-13 10:59:40.219986', '2023-03-13 10:59:40.227018', NULL, '缺勤', 4, 4),
(98, '2023-03-13 10:59:40.228380', '2023-03-13 10:59:40.249502', NULL, '缺勤', 5, 4),
(99, '2023-03-13 10:59:40.250642', '2023-03-13 10:59:40.251153', NULL, '缺勤', 6, 4),
(100, '2023-03-13 10:59:40.251896', '2023-03-13 10:59:40.253314', NULL, '缺勤', 7, 4),
(101, '2023-03-13 10:59:40.253981', '2023-03-13 10:59:40.254379', NULL, '缺勤', 8, 4),
(102, '2023-03-13 10:59:40.255054', '2023-03-13 10:59:40.255413', NULL, '缺勤', 9, 4),
(103, '2023-03-13 10:59:40.256019', '2023-03-13 10:59:40.256394', NULL, '缺勤', 10, 4),
(104, '2023-03-13 10:59:40.257154', '2023-03-13 10:59:40.257525', NULL, '缺勤', 11, 4),
(105, '2023-03-13 10:59:40.258179', '2023-03-13 10:59:40.258612', NULL, '缺勤', 12, 4),
(106, '2023-03-13 10:59:40.259347', '2023-03-13 10:59:40.279039', NULL, '缺勤', 13, 4),
(107, '2023-03-13 10:59:40.280131', '2023-03-13 10:59:40.281501', NULL, '缺勤', 14, 4),
(108, '2023-03-13 10:59:40.282314', '2023-03-13 10:59:40.283529', NULL, '缺勤', 15, 4),
(109, '2023-03-13 10:59:40.284531', '2023-03-13 10:59:40.285095', NULL, '缺勤', 16, 4),
(110, '2023-03-13 10:59:40.285945', '2023-03-13 10:59:40.287321', NULL, '缺勤', 17, 4),
(111, '2023-03-13 10:59:40.288088', '2023-03-13 10:59:40.288556', NULL, '缺勤', 18, 4),
(112, '2023-03-13 10:59:40.289257', '2023-03-13 10:59:40.289682', NULL, '缺勤', 19, 4),
(113, '2023-03-13 10:59:40.290401', '2023-03-13 10:59:40.290843', NULL, '缺勤', 20, 4),
(114, '2023-03-13 10:59:40.291635', '2023-03-13 10:59:40.292035', NULL, '缺勤', 21, 4),
(115, '2023-03-13 10:59:40.292728', '2023-03-13 10:59:40.294403', NULL, '缺勤', 22, 4),
(116, '2023-03-13 10:59:40.295278', '2023-03-13 10:59:40.295916', NULL, '缺勤', 23, 4),
(117, '2023-03-13 10:59:40.296784', '2023-03-13 10:59:40.297200', NULL, '缺勤', 24, 4),
(118, '2023-03-13 10:59:40.297874', '2023-03-13 10:59:40.298997', NULL, '缺勤', 25, 4),
(119, '2023-03-13 10:59:40.299701', '2023-03-13 10:59:40.300096', NULL, '缺勤', 26, 4),
(120, '2023-03-13 10:59:40.300830', '2023-03-13 10:59:40.301250', NULL, '缺勤', 27, 4),
(121, '2023-03-13 10:59:40.301920', '2023-03-13 10:59:40.303633', NULL, '缺勤', 28, 4),
(122, '2023-03-13 10:59:40.304333', '2023-03-13 10:59:40.305555', NULL, '缺勤', 29, 4),
(123, '2023-03-13 10:59:40.306234', '2023-03-13 10:59:40.415918', NULL, '缺勤', 30, 4),
(124, '2023-03-13 10:59:40.417047', '2023-03-13 10:59:40.417502', NULL, '缺勤', 31, 4);

-- --------------------------------------------------------

--
-- 表的结构 `core_studentcourseleave`
--

CREATE TABLE IF NOT EXISTS `core_studentcourseleave` (
  `id` bigint(20) NOT NULL,
  `create_time` datetime(6) NOT NULL,
  `update_time` datetime(6) NOT NULL,
  `reason` varchar(1024) DEFAULT NULL,
  `type` varchar(128) NOT NULL,
  `remark` varchar(1024) NOT NULL,
  `status` int(11) NOT NULL,
  `start_time` datetime(6) NOT NULL,
  `end_time` datetime(6) NOT NULL,
  `course_id` bigint(20) NOT NULL,
  `student_id` bigint(20) NOT NULL
) ENGINE=InnoDB DEFAULT CHARSET=utf8mb4;

-- --------------------------------------------------------

--
-- 表的结构 `core_studenthomeworkhandin`
--

CREATE TABLE IF NOT EXISTS `core_studenthomeworkhandin` (
  `id` bigint(20) NOT NULL,
  `create_time` datetime(6) NOT NULL,
  `update_time` datetime(6) NOT NULL,
  `submit_time` datetime(6) NOT NULL,
  `submit_detail` longtext NOT NULL,
  `course_id` bigint(20) NOT NULL,
  `homework_id` bigint(20) NOT NULL,
  `student_id` bigint(20) NOT NULL
) ENGINE=InnoDB DEFAULT CHARSET=utf8mb4;

-- --------------------------------------------------------

--
-- 表的结构 `core_student_courses`
--

CREATE TABLE IF NOT EXISTS `core_student_courses` (
  `id` bigint(20) NOT NULL,
  `student_id` bigint(20) NOT NULL,
  `course_id` bigint(20) NOT NULL
) ENGINE=InnoDB AUTO_INCREMENT=90 DEFAULT CHARSET=utf8mb4;

--
-- 转存表中的数据 `core_student_courses`
--

INSERT INTO `core_student_courses` (`id`, `student_id`, `course_id`) VALUES
(1, 1, 1),
(59, 1, 4),
(2, 2, 1),
(60, 2, 4),
(3, 3, 1),
(61, 3, 4),
(4, 4, 1),
(32, 4, 2),
(33, 4, 3),
(62, 4, 4),
(5, 5, 1),
(63, 5, 4),
(6, 6, 1),
(64, 6, 4),
(7, 7, 1),
(65, 7, 4),
(8, 8, 1),
(66, 8, 4),
(34, 9, 1),
(9, 9, 2),
(67, 9, 4),
(35, 10, 1),
(10, 10, 2),
(68, 10, 4),
(36, 11, 1),
(11, 11, 2),
(69, 11, 4),
(37, 12, 1),
(12, 12, 2),
(70, 12, 4),
(38, 13, 1),
(13, 13, 2),
(71, 13, 4),
(39, 14, 1),
(14, 14, 2),
(72, 14, 4),
(40, 15, 1),
(15, 15, 2),
(73, 15, 4),
(41, 16, 1),
(16, 16, 2),
(74, 16, 4),
(42, 17, 1),
(17, 17, 2),
(75, 17, 4),
(43, 18, 1),
(18, 18, 2),
(76, 18, 4),
(44, 19, 1),
(19, 19, 3),
(77, 19, 4),
(45, 20, 1),
(20, 20, 3),
(78, 20, 4),
(46, 21, 1),
(21, 21, 3),
(79, 21, 4),
(47, 22, 1),
(22, 22, 3),
(80, 22, 4),
(48, 23, 1),
(23, 23, 3),
(81, 23, 4),
(49, 24, 1),
(24, 24, 3),
(82, 24, 4),
(50, 25, 1),
(25, 25, 3),
(83, 25, 4),
(51, 26, 1),
(26, 26, 3),
(84, 26, 4),
(52, 27, 1),
(27, 27, 3),
(85, 27, 4),
(53, 28, 1),
(28, 28, 3),
(86, 28, 4),
(54, 29, 1),
(29, 29, 3),
(87, 29, 4),
(55, 30, 1),
(30, 30, 3),
(88, 30, 4),
(56, 31, 1),
(31, 31, 3),
(89, 31, 4);

-- --------------------------------------------------------

--
-- 表的结构 `core_teacher`
--

CREATE TABLE IF NOT EXISTS `core_teacher` (
  `id` bigint(20) NOT NULL,
  `create_time` datetime(6) NOT NULL,
  `update_time` datetime(6) NOT NULL,
  `teach_age` int(11) NOT NULL,
  `rank` varchar(10) NOT NULL,
  `desc` varchar(256) DEFAULT NULL,
  `user_id` bigint(20) NOT NULL
) ENGINE=InnoDB AUTO_INCREMENT=4 DEFAULT CHARSET=utf8mb4;

--
-- 转存表中的数据 `core_teacher`
--

INSERT INTO `core_teacher` (`id`, `create_time`, `update_time`, `teach_age`, `rank`, `desc`, `user_id`) VALUES
(1, '2022-12-19 02:06:14.502941', '2022-12-19 02:06:14.513744', 10, '辅导员', '几乎见不到人', 901),
(2, '2022-12-19 02:06:14.541877', '2022-12-19 02:06:14.549295', 1, '辅导员', '易班上的', 902),
(3, '2022-12-19 02:06:14.580317', '2022-12-19 02:06:14.597408', 8, '教师', '是老师啊', 903);

-- --------------------------------------------------------

--
-- 表的结构 `core_teacher_courses`
--

CREATE TABLE IF NOT EXISTS `core_teacher_courses` (
  `id` bigint(20) NOT NULL,
  `teacher_id` bigint(20) NOT NULL,
  `course_id` bigint(20) NOT NULL
) ENGINE=InnoDB AUTO_INCREMENT=5 DEFAULT CHARSET=utf8mb4;

--
-- 转存表中的数据 `core_teacher_courses`
--

INSERT INTO `core_teacher_courses` (`id`, `teacher_id`, `course_id`) VALUES
(1, 1, 1),
(3, 1, 3),
(2, 2, 2),
(4, 3, 4);

-- --------------------------------------------------------

--
-- 表的结构 `django_admin_log`
--

CREATE TABLE IF NOT EXISTS `django_admin_log` (
  `id` int(11) NOT NULL,
  `action_time` datetime(6) NOT NULL,
  `object_id` longtext,
  `object_repr` varchar(200) NOT NULL,
  `action_flag` smallint(5) unsigned NOT NULL,
  `change_message` longtext NOT NULL,
  `content_type_id` int(11) DEFAULT NULL,
  `user_id` int(11) NOT NULL
) ENGINE=InnoDB DEFAULT CHARSET=utf8mb4;

-- --------------------------------------------------------

--
-- 表的结构 `django_content_type`
--

CREATE TABLE IF NOT EXISTS `django_content_type` (
  `id` int(11) NOT NULL,
  `app_label` varchar(100) NOT NULL,
  `model` varchar(100) NOT NULL
) ENGINE=InnoDB AUTO_INCREMENT=30 DEFAULT CHARSET=utf8mb4;

--
-- 转存表中的数据 `django_content_type`
--

INSERT INTO `django_content_type` (`id`, `app_label`, `model`) VALUES
(1, 'admin', 'logentry'),
(3, 'auth', 'group'),
(2, 'auth', 'permission'),
(4, 'auth', 'user'),
(8, 'bases', 'dictcode'),
(7, 'bases', 'dicttype'),
(5, 'contenttypes', 'contenttype'),
(25, 'core', 'classroom'),
(26, 'core', 'course'),
(18, 'core', 'courseattendtask'),
(14, 'core', 'exam'),
(13, 'core', 'examquestionresult'),
(24, 'core', 'examstudentattend'),
(21, 'core', 'group'),
(17, 'core', 'groupstudentbinder'),
(28, 'core', 'homework'),
(15, 'core', 'innermail'),
(23, 'core', 'question'),
(19, 'core', 'questionoption'),
(29, 'core', 'student'),
(16, 'core', 'studentcourseattend'),
(27, 'core', 'studentcourseleave'),
(22, 'core', 'studenthomeworkhandin'),
(20, 'core', 'teacher'),
(6, 'sessions', 'session'),
(12, 'users', 'menurouter'),
(9, 'users', 'menuroutermeta'),
(10, 'users', 'role'),
(11, 'users', 'user');

-- --------------------------------------------------------

--
-- 表的结构 `django_migrations`
--

CREATE TABLE IF NOT EXISTS `django_migrations` (
  `id` bigint(20) NOT NULL,
  `app` varchar(255) NOT NULL,
  `name` varchar(255) NOT NULL,
  `applied` datetime(6) NOT NULL
) ENGINE=InnoDB AUTO_INCREMENT=22 DEFAULT CHARSET=utf8mb4;

--
-- 转存表中的数据 `django_migrations`
--

INSERT INTO `django_migrations` (`id`, `app`, `name`, `applied`) VALUES
(1, 'contenttypes', '0001_initial', '2022-12-19 02:05:36.249315'),
(2, 'auth', '0001_initial', '2022-12-19 02:05:37.376981'),
(3, 'admin', '0001_initial', '2022-12-19 02:05:37.595948'),
(4, 'admin', '0002_logentry_remove_auto_add', '2022-12-19 02:05:37.611800'),
(5, 'admin', '0003_logentry_add_action_flag_choices', '2022-12-19 02:05:37.624772'),
(6, 'contenttypes', '0002_remove_content_type_name', '2022-12-19 02:05:37.753917'),
(7, 'auth', '0002_alter_permission_name_max_length', '2022-12-19 02:05:37.830332'),
(8, 'auth', '0003_alter_user_email_max_length', '2022-12-19 02:05:37.856484'),
(9, 'auth', '0004_alter_user_username_opts', '2022-12-19 02:05:37.872158'),
(10, 'auth', '0005_alter_user_last_login_null', '2022-12-19 02:05:37.938885'),
(11, 'auth', '0006_require_contenttypes_0002', '2022-12-19 02:05:37.945770'),
(12, 'auth', '0007_alter_validators_add_error_messages', '2022-12-19 02:05:37.961594'),
(13, 'auth', '0008_alter_user_username_max_length', '2022-12-19 02:05:38.045709'),
(14, 'auth', '0009_alter_user_last_name_max_length', '2022-12-19 02:05:38.172336'),
(15, 'auth', '0010_alter_group_name_max_length', '2022-12-19 02:05:38.202888'),
(16, 'auth', '0011_update_proxy_permissions', '2022-12-19 02:05:38.215925'),
(17, 'auth', '0012_alter_user_first_name_max_length', '2022-12-19 02:05:38.300795'),
(18, 'sessions', '0001_initial', '2022-12-19 02:05:38.399275'),
(19, 'bases', '0001_initial', '2022-12-19 02:06:05.506935'),
(20, 'users', '0001_initial', '2022-12-19 02:06:06.127184'),
(21, 'core', '0001_initial', '2022-12-19 02:06:09.690219');

-- --------------------------------------------------------

--
-- 表的结构 `django_session`
--

CREATE TABLE IF NOT EXISTS `django_session` (
  `session_key` varchar(40) NOT NULL,
  `session_data` longtext NOT NULL,
  `expire_date` datetime(6) NOT NULL
) ENGINE=InnoDB DEFAULT CHARSET=utf8mb4;

-- --------------------------------------------------------

--
-- 表的结构 `users_menurouter`
--

CREATE TABLE IF NOT EXISTS `users_menurouter` (
  `id` bigint(20) NOT NULL,
  `create_time` datetime(6) NOT NULL,
  `update_time` datetime(6) NOT NULL,
  `parentId` int(11) NOT NULL,
  `name` varchar(256) NOT NULL,
  `component` varchar(256) NOT NULL,
  `redirect` varchar(256) DEFAULT NULL,
  `hidden` tinyint(1) NOT NULL,
  `hideChildrenInMenu` tinyint(1) NOT NULL,
  `path` varchar(512) NOT NULL,
  `meta_id` bigint(20) NOT NULL
) ENGINE=InnoDB AUTO_INCREMENT=71009 DEFAULT CHARSET=utf8mb4;

--
-- 转存表中的数据 `users_menurouter`
--

INSERT INTO `users_menurouter` (`id`, `create_time`, `update_time`, `parentId`, `name`, `component`, `redirect`, `hidden`, `hideChildrenInMenu`, `path`, `meta_id`) VALUES
(10028, '2022-12-19 02:06:16.764644', '2022-12-19 02:06:16.772301', 0, 'account', 'RouteView', '/account/center', 0, 0, '', 1),
(10029, '2022-12-19 02:06:16.802007', '2022-12-19 02:06:16.808871', 10028, 'center', 'AccountCenter', NULL, 0, 0, '', 2),
(10030, '2022-12-19 02:06:16.831574', '2022-12-19 02:06:16.838711', 10028, 'settings', 'AccountSettings', '/account/settings/basic', 0, 0, '', 3),
(10031, '2022-12-19 02:06:16.865606', '2022-12-19 02:06:16.872237', 10030, 'BasicSettings', 'BasicSetting', NULL, 0, 0, '/account/settings/basic', 4),
(10032, '2022-12-19 02:06:16.892334', '2022-12-19 02:06:16.898553', 10030, 'SecuritySettings', 'SecuritySettings', NULL, 0, 0, '/account/settings/security', 5),
(10033, '2022-12-19 02:06:16.923956', '2022-12-19 02:06:16.930879', 10030, 'CustomSettings', 'CustomSettings', NULL, 0, 0, '/account/settings/custom', 6),
(10034, '2022-12-19 02:06:16.957293', '2022-12-19 02:06:16.963813', 10030, 'BindingSettings', 'BindingSettings', NULL, 0, 0, '/account/settings/binding', 7),
(10035, '2022-12-19 02:06:16.985074', '2022-12-19 02:06:16.994461', 10030, 'NotificationSettings', 'NotificationSettings', NULL, 0, 0, '/account/settings/notification', 8),
(11001, '2022-12-19 02:06:17.017862', '2022-12-19 02:06:17.025363', 0, 'message', 'RouteView', '/message/sendMail', 0, 0, 'message', 9),
(11002, '2022-12-19 02:06:17.046391', '2022-12-19 02:06:17.053757', 11001, 'sendMail', 'example/account/message/send.vue', NULL, 0, 0, 'sendMail', 10),
(11003, '2022-12-19 02:06:17.100501', '2022-12-19 02:06:17.108938', 11001, 'receiveMail', 'example/account/message/receive.vue', NULL, 0, 0, 'receiveMail', 11),
(11004, '2022-12-19 02:06:17.134497', '2022-12-19 02:06:17.144698', 11001, 'mailDetail', 'example/account/message/receiveDetail.vue', NULL, 0, 0, 'mailDetail', 12),
(51001, '2022-12-19 02:06:17.930946', '2022-12-19 02:06:17.938501', 0, 'dashboard', 'teacher/dashboard/index.vue', '', 0, 0, '/dashboard', 36),
(51002, '2022-12-19 02:06:17.960733', '2022-12-19 02:06:17.967646', 0, 'ikun', 'teacher/ikun/index.vue', '', 0, 0, '/ikun', 37),
(51003, '2022-12-19 02:06:17.991026', '2022-12-19 02:06:17.998239', 0, 'homework', 'RouteView', '', 0, 0, 'homework', 38),
(51004, '2022-12-19 02:06:18.030262', '2022-12-19 02:06:18.037562', 51003, 'sendHomeWork', 'teacher/course/sendHomework.vue', '', 0, 0, 'sendHomeWork', 39),
(51005, '2022-12-19 02:06:18.139573', '2022-12-19 02:06:18.148555', 0, 'classroom', 'RouteView', '', 0, 0, 'classroom', 42),
(51006, '2022-12-19 02:06:18.183436', '2022-12-19 02:06:18.191144', 51005, 'approvalIndex', 'teacher/classroom/ApprovalLeave/approval.vue', '', 0, 0, 'approvalIndex', 43),
(51007, '2022-12-19 02:06:18.222024', '2022-12-19 02:06:18.229776', 51005, 'notice', 'teacher/classroom/notice/notice.vue', '', 0, 0, 'notice', 44),
(51008, '2022-12-19 02:06:18.261103', '2022-12-19 02:06:18.273952', 51005, 'myNotice', 'teacher/classroom/notice/myNotice.vue', '', 0, 0, 'myNotice', 45),
(51009, '2022-12-19 02:06:18.296129', '2022-12-19 02:06:18.302587', 51005, 'myNoticeDetail', 'teacher/classroom/notice/myNoticeDetail.vue', '', 0, 0, 'myNoticeDetail', 46),
(51010, '2022-12-19 02:06:18.333766', '2022-12-19 02:06:18.340720', 51005, 'PickMonitor', 'teacher/classroom/monitor/PickMonitor.vue', '', 0, 0, 'PickMonitor', 47),
(51011, '2022-12-19 02:06:18.068854', '2022-12-19 02:06:18.078824', 51003, 'correctionHomework', 'teacher/course/correctionHomework.vue', '', 0, 0, 'correctionHomework', 40),
(51012, '2022-12-19 02:06:18.107695', '2022-12-19 02:06:18.116964', 51003, 'correctionDetail', 'teacher/course/correctionDetail.vue', '', 0, 0, 'correctionDetail', 41),
(51041, '2022-12-19 02:06:18.364066', '2022-12-19 02:06:18.371431', 0, 'course', 'RouteView', '/course/index', 0, 0, 'course', 48),
(51042, '2022-12-19 02:06:18.401346', '2022-12-19 02:06:18.411812', 51041, 'courseIndex', 'teacher/course/index.vue', '', 0, 0, 'index', 49),
(51043, '2022-12-19 02:06:18.436365', '2022-12-19 02:06:18.444475', 51041, 'courseDetail', 'teacher/course/detail.vue', '', 0, 0, 'detail', 50),
(51046, '2022-12-19 02:06:18.468902', '2022-12-19 02:06:18.475532', 0, 'exam', 'RouteView', '', 0, 0, 'exam', 51),
(51047, '2022-12-19 02:06:18.498819', '2022-12-19 02:06:18.505862', 51046, 'examCreate', 'teacher/exam/create.vue', '', 0, 0, 'create', 52),
(51048, '2022-12-19 02:06:18.532891', '2022-12-19 02:06:18.540744', 51046, 'examIndex', 'teacher/exam/index.vue', '', 0, 0, 'index', 53),
(51050, '2022-12-19 02:06:18.563996', '2022-12-19 02:06:18.570549', 51046, 'examEdit', 'teacher/exam/edit.vue', '', 0, 0, 'edit', 54),
(51053, '2022-12-19 02:06:18.591928', '2022-12-19 02:06:18.598235', 51046, 'examPreview', 'teacher/exam/preview.vue', '', 0, 0, 'preview', 55),
(61001, '2022-12-19 02:06:17.466289', '2022-12-19 02:06:17.472930', 0, 'dashboard', 'student/dashboard/index.vue', '/course/index', 0, 0, '/dashboard', 21),
(61002, '2022-12-19 02:06:17.498966', '2022-12-19 02:06:17.506902', 0, 'basketball', 'student/nba/index.vue', '', 0, 0, '/nba', 22),
(61003, '2022-12-19 02:06:17.531059', '2022-12-19 02:06:17.538158', 0, 'apple', 'student/apple/index.vue', '', 0, 0, '/apple', 23),
(61004, '2022-12-19 02:06:17.564836', '2022-12-19 02:06:17.571888', 0, 'course', 'RouteView', '/course/index.vue', 0, 0, 'course', 24),
(61005, '2022-12-19 02:06:17.594243', '2022-12-19 02:06:17.600649', 61004, 'courseIndex', 'student/course/index.vue', '', 0, 0, 'index', 25),
(61006, '2022-12-19 02:06:17.622606', '2022-12-19 02:06:17.629955', 61004, 'courseDetail', 'student/course/detail.vue', '', 0, 0, 'detail', 26),
(61007, '2022-12-19 02:06:17.653086', '2022-12-19 02:06:17.659419', 0, 'classroom', 'RouteView', '', 0, 0, 'classroom', 27),
(61008, '2022-12-19 02:06:17.767305', '2022-12-19 02:06:17.773928', 0, 'onlineJudgeIndex', 'student/onlinejudge/index.vue', '', 0, 0, 'onlinejudge', 31),
(61009, '2022-12-19 02:06:17.797185', '2022-12-19 02:06:17.804233', 0, 'exam', 'RouteView', '', 0, 0, 'exam', 32),
(61010, '2022-12-19 02:06:17.826308', '2022-12-19 02:06:17.833270', 61009, 'examLive', 'student/exam/live.vue', '', 0, 0, 'live', 33),
(61011, '2022-12-19 02:06:17.681065', '2022-12-19 02:06:17.687678', 61007, 'leaveIndex', 'student/classroom/leave.vue', '', 0, 0, 'leaveIndex', 28),
(61012, '2022-12-19 02:06:17.709048', '2022-12-19 02:06:17.716172', 61007, 'MyNoteIndex', 'student/classroom/MyNote.vue', '', 0, 0, 'MyNoteIndex', 29),
(61013, '2022-12-19 02:06:17.738182', '2022-12-19 02:06:17.744893', 61007, 'checkMonitor', 'student/classroom/checkMonitor.vue', '', 0, 0, 'checkMonitor', 30),
(61014, '2022-12-19 02:06:17.865542', '2022-12-19 02:06:17.876100', 0, 'homework', 'RouteView', '', 0, 0, 'homework', 34),
(61015, '2022-12-19 02:06:17.899142', '2022-12-19 02:06:17.908155', 61014, 'pushHomework', 'student/course/pushHomework.vue', '', 0, 0, 'pushHomework', 35),
(71001, '2022-12-19 02:06:17.191308', '2022-12-19 02:06:17.204294', 0, 'dashboard', 'admin/dashboard/index.vue', '', 0, 0, '/dashboard', 13),
(71002, '2022-12-19 02:06:17.230029', '2022-12-19 02:06:17.237971', 0, 'overall', 'admin/overall/index.vue', '', 0, 0, '/overall', 14),
(71003, '2022-12-19 02:06:17.267303', '2022-12-19 02:06:17.274964', 0, 'homework', 'admin/homework/homework.vue', '', 0, 0, 'homework', 15),
(71004, '2022-12-19 02:06:17.302438', '2022-12-19 02:06:17.308996', 0, 'classroom', 'RouteView', '', 0, 0, 'classroom', 16),
(71005, '2022-12-19 02:06:17.330244', '2022-12-19 02:06:17.337253', 71004, 'checkLeave', 'admin/classroom/checkLeave.vue', '', 0, 0, 'checkLeave', 17),
(71006, '2022-12-19 02:06:17.361190', '2022-12-19 02:06:17.367672', 71004, 'checkMonitor', 'admin/classroom/checkMonitor.vue', '', 0, 0, 'checkMonitor', 18),
(71007, '2022-12-19 02:06:17.390586', '2022-12-19 02:06:17.399733', 71004, 'checkNotice', 'admin/classroom/checkNotice.vue', '', 0, 0, 'checkNotice', 19),
(71008, '2022-12-19 02:06:17.423546', '2022-12-19 02:06:17.434917', 71004, 'checkNoticeDetail', 'admin/classroom/checkNoticeDetail.vue', '', 0, 0, 'checkNoticeDetail', 20);

-- --------------------------------------------------------

--
-- 表的结构 `users_menuroutermeta`
--

CREATE TABLE IF NOT EXISTS `users_menuroutermeta` (
  `id` bigint(20) NOT NULL,
  `create_time` datetime(6) NOT NULL,
  `update_time` datetime(6) NOT NULL,
  `title` varchar(256) NOT NULL,
  `icon` varchar(256) NOT NULL,
  `keepAlive` tinyint(1) NOT NULL,
  `target` varchar(256) NOT NULL,
  `hidden` tinyint(1) NOT NULL,
  `hiddenHeaderContent` tinyint(1) NOT NULL,
  `hideChildren` tinyint(1) NOT NULL,
  `hideHeader` tinyint(1) NOT NULL,
  `show` tinyint(1) NOT NULL
) ENGINE=InnoDB AUTO_INCREMENT=56 DEFAULT CHARSET=utf8mb4;

--
-- 转存表中的数据 `users_menuroutermeta`
--

INSERT INTO `users_menuroutermeta` (`id`, `create_time`, `update_time`, `title`, `icon`, `keepAlive`, `target`, `hidden`, `hiddenHeaderContent`, `hideChildren`, `hideHeader`, `show`) VALUES
(1, '2022-12-19 02:06:16.747874', '2022-12-19 02:06:16.756228', 'menu.account', 'user', 0, '', 0, 0, 0, 0, 0),
(2, '2022-12-19 02:06:16.782169', '2022-12-19 02:06:16.791004', 'menu.account.center', '', 0, '', 0, 0, 0, 0, 1),
(3, '2022-12-19 02:06:16.816480', '2022-12-19 02:06:16.823238', 'menu.account.settings', '', 0, '', 0, 0, 1, 1, 1),
(4, '2022-12-19 02:06:16.847019', '2022-12-19 02:06:16.856031', 'account.settings.menuMap.basic', '', 0, '', 0, 0, 0, 0, 0),
(5, '2022-12-19 02:06:16.880105', '2022-12-19 02:06:16.885757', 'account.settings.menuMap.security', '', 0, '', 0, 0, 0, 0, 0),
(6, '2022-12-19 02:06:16.906324', '2022-12-19 02:06:16.913348', 'account.settings.menuMap.custom', '', 0, '', 0, 0, 0, 0, 0),
(7, '2022-12-19 02:06:16.938095', '2022-12-19 02:06:16.946408', 'account.settings.menuMap.binding', '', 0, '', 0, 0, 0, 0, 0),
(8, '2022-12-19 02:06:16.970937', '2022-12-19 02:06:16.977301', 'account.settings.menuMap.notification', '', 0, '', 0, 0, 0, 0, 0),
(9, '2022-12-19 02:06:17.001876', '2022-12-19 02:06:17.008559', 'account.message', 'message', 0, '', 0, 0, 0, 0, 1),
(10, '2022-12-19 02:06:17.032461', '2022-12-19 02:06:17.038931', 'account.message.sendMail', 'message', 0, '', 0, 0, 0, 0, 1),
(11, '2022-12-19 02:06:17.063795', '2022-12-19 02:06:17.089071', 'account.message.receiveMail', 'message', 0, '', 0, 0, 0, 0, 1),
(12, '2022-12-19 02:06:17.117777', '2022-12-19 02:06:17.125917', 'account.message.receiveMail.detail', 'message', 0, '', 0, 0, 0, 0, 0),
(13, '2022-12-19 02:06:17.163837', '2022-12-19 02:06:17.180824', 'menu.dashboard', 'dashboard', 0, '', 0, 0, 0, 0, 1),
(14, '2022-12-19 02:06:17.214706', '2022-12-19 02:06:17.222207', 'menu.overall', 'dribbble', 0, '', 0, 0, 0, 0, 0),
(15, '2022-12-19 02:06:17.246766', '2022-12-19 02:06:17.254762', 'menu.homework.look', 'book', 0, '', 0, 0, 0, 0, 1),
(16, '2022-12-19 02:06:17.283107', '2022-12-19 02:06:17.294066', 'menu.classroom.index', 'usergroup-add', 0, '', 0, 0, 0, 0, 1),
(17, '2022-12-19 02:06:17.317427', '2022-12-19 02:06:17.323707', 'menu.classroom.MyNote.index', 'usergroup-add', 0, '', 0, 0, 0, 0, 1),
(18, '2022-12-19 02:06:17.344992', '2022-12-19 02:06:17.353647', 'menu.classroom.checkMonitor.index', 'usergroup-add', 0, '', 0, 0, 0, 0, 1),
(19, '2022-12-19 02:06:17.375611', '2022-12-19 02:06:17.382520', 'menu.classroom.checkNotice.index', 'usergroup-add', 0, '', 0, 0, 0, 0, 1),
(20, '2022-12-19 02:06:17.407961', '2022-12-19 02:06:17.416087', 'menu.classroom.myNoticeDetail.index', 'usergroup-add', 0, '', 0, 0, 0, 0, 0),
(21, '2022-12-19 02:06:17.446995', '2022-12-19 02:06:17.457583', 'menu.dashboard', 'dashboard', 0, '', 0, 0, 0, 0, 0),
(22, '2022-12-19 02:06:17.482888', '2022-12-19 02:06:17.490792', 'menu.nba', 'dribbble', 0, '', 0, 0, 0, 0, 0),
(23, '2022-12-19 02:06:17.515442', '2022-12-19 02:06:17.523129', 'menu.apple', 'apple', 0, '', 0, 0, 0, 0, 0),
(24, '2022-12-19 02:06:17.547003', '2022-12-19 02:06:17.556843', 'menu.course', 'profile', 0, '', 0, 0, 0, 0, 1),
(25, '2022-12-19 02:06:17.579650', '2022-12-19 02:06:17.586829', 'menu.course.index', 'profile', 0, '', 0, 0, 0, 0, 1),
(26, '2022-12-19 02:06:17.607440', '2022-12-19 02:06:17.614340', 'menu.course.detail', 'profile', 0, '', 0, 0, 0, 0, 0),
(27, '2022-12-19 02:06:17.637762', '2022-12-19 02:06:17.645531', 'menu.classroom.index', 'usergroup-add', 0, '', 0, 0, 0, 0, 1),
(28, '2022-12-19 02:06:17.666608', '2022-12-19 02:06:17.673679', 'menu.classroom.leave.index', 'usergroup-add', 0, '', 0, 0, 0, 0, 1),
(29, '2022-12-19 02:06:17.694586', '2022-12-19 02:06:17.702254', 'menu.classroom.MyNote.index', 'usergroup-add', 0, '', 0, 0, 0, 0, 1),
(30, '2022-12-19 02:06:17.723756', '2022-12-19 02:06:17.730573', 'menu.classroom.checkMonitor.index', 'usergroup-add', 0, '', 0, 0, 0, 0, 1),
(31, '2022-12-19 02:06:17.753272', '2022-12-19 02:06:17.759700', 'menu.onlineJudge.index', 'code', 0, '', 0, 0, 0, 0, 1),
(32, '2022-12-19 02:06:17.782161', '2022-12-19 02:06:17.789283', 'menu.exam', 'paper', 0, '', 0, 0, 0, 0, 1),
(33, '2022-12-19 02:06:17.811347', '2022-12-19 02:06:17.818393', 'menu.exam.live', 'paper', 0, '', 0, 0, 0, 0, 0),
(34, '2022-12-19 02:06:17.844050', '2022-12-19 02:06:17.856497', 'menu.course.homework', 'paper', 0, '', 0, 0, 0, 0, 0),
(35, '2022-12-19 02:06:17.884359', '2022-12-19 02:06:17.891129', 'menu.course.pushHomework', 'paper', 0, '', 0, 0, 0, 0, 0),
(36, '2022-12-19 02:06:17.915437', '2022-12-19 02:06:17.923128', 'menu.dashboard', 'dashboard', 0, '', 0, 0, 0, 0, 1),
(37, '2022-12-19 02:06:17.946104', '2022-12-19 02:06:17.953730', 'menu.ikun', 'dribbble', 0, '', 0, 0, 0, 0, 0),
(38, '2022-12-19 02:06:17.976160', '2022-12-19 02:06:17.982893', 'menu.homework', 'book', 0, '', 0, 0, 0, 0, 1),
(39, '2022-12-19 02:06:18.008555', '2022-12-19 02:06:18.020230', 'menu.sendHomework', 'book', 0, '', 0, 0, 0, 0, 1),
(40, '2022-12-19 02:06:18.047176', '2022-12-19 02:06:18.055162', 'menu.correctionHomework', 'book', 0, '', 0, 0, 0, 0, 1),
(41, '2022-12-19 02:06:18.086427', '2022-12-19 02:06:18.100052', 'menu.correctionDetail', 'book', 0, '', 0, 0, 0, 0, 0),
(42, '2022-12-19 02:06:18.124306', '2022-12-19 02:06:18.131225', 'menu.classroom.index', 'usergroup-add', 0, '', 0, 0, 0, 0, 1),
(43, '2022-12-19 02:06:18.166556', '2022-12-19 02:06:18.173956', 'menu.classroom.approval.index', 'usergroup-add', 0, '', 0, 0, 0, 0, 1),
(44, '2022-12-19 02:06:18.199566', '2022-12-19 02:06:18.212771', 'menu.classroom.notice.index', 'usergroup-add', 0, '', 0, 0, 0, 0, 1),
(45, '2022-12-19 02:06:18.241581', '2022-12-19 02:06:18.251998', 'menu.classroom.myNotice.index', 'usergroup-add', 0, '', 0, 0, 0, 0, 1),
(46, '2022-12-19 02:06:18.281194', '2022-12-19 02:06:18.287792', 'menu.classroom.myNoticeDetail.index', 'usergroup-add', 0, '', 0, 0, 0, 0, 0),
(47, '2022-12-19 02:06:18.310450', '2022-12-19 02:06:18.318193', 'menu.classroom.PickMonitor.index', 'usergroup-add', 0, '', 0, 0, 0, 0, 1),
(48, '2022-12-19 02:06:18.348903', '2022-12-19 02:06:18.355769', 'menu.course', 'profile', 0, '', 0, 0, 0, 0, 1),
(49, '2022-12-19 02:06:18.386159', '2022-12-19 02:06:18.394491', 'menu.course.index', 'profile', 0, '', 0, 0, 0, 0, 1),
(50, '2022-12-19 02:06:18.419852', '2022-12-19 02:06:18.428127', 'menu.course.detail', 'profile', 0, '', 0, 0, 0, 0, 0),
(51, '2022-12-19 02:06:18.452179', '2022-12-19 02:06:18.460826', 'menu.exam', 'profile', 0, '', 0, 0, 0, 0, 1),
(52, '2022-12-19 02:06:18.483120', '2022-12-19 02:06:18.490577', 'menu.exam.create', 'profile', 0, '', 0, 0, 0, 0, 1),
(53, '2022-12-19 02:06:18.513598', '2022-12-19 02:06:18.521008', 'menu.exam.index', 'profile', 0, '', 0, 0, 0, 0, 1),
(54, '2022-12-19 02:06:18.549280', '2022-12-19 02:06:18.556279', 'menu.exam.edit', 'profile', 0, '', 0, 0, 0, 0, 1),
(55, '2022-12-19 02:06:18.578061', '2022-12-19 02:06:18.584520', 'menu.exam.preview', 'profile', 0, '', 0, 0, 0, 0, 0);

-- --------------------------------------------------------

--
-- 表的结构 `users_role`
--

CREATE TABLE IF NOT EXISTS `users_role` (
  `id` bigint(20) NOT NULL,
  `create_time` datetime(6) NOT NULL,
  `update_time` datetime(6) NOT NULL,
  `name` varchar(256) NOT NULL,
  `describe` varchar(256) DEFAULT NULL
) ENGINE=InnoDB AUTO_INCREMENT=4 DEFAULT CHARSET=utf8mb4;

--
-- 转存表中的数据 `users_role`
--

INSERT INTO `users_role` (`id`, `create_time`, `update_time`, `name`, `describe`) VALUES
(1, '2022-12-19 02:06:14.460531', '2022-12-19 02:06:14.460566', 'admin', '管理员'),
(2, '2022-12-19 02:06:14.472541', '2022-12-19 02:06:14.472571', 'teacher', '教师'),
(3, '2022-12-19 02:06:14.479948', '2022-12-19 02:06:14.479977', 'student', '学生');

-- --------------------------------------------------------

--
-- 表的结构 `users_role_menu_routes`
--

CREATE TABLE IF NOT EXISTS `users_role_menu_routes` (
  `id` bigint(20) NOT NULL,
  `role_id` bigint(20) NOT NULL,
  `menurouter_id` bigint(20) NOT NULL
) ENGINE=InnoDB AUTO_INCREMENT=80 DEFAULT CHARSET=utf8mb4;

--
-- 转存表中的数据 `users_role_menu_routes`
--

INSERT INTO `users_role_menu_routes` (`id`, `role_id`, `menurouter_id`) VALUES
(60, 1, 10028),
(61, 1, 10029),
(62, 1, 10030),
(63, 1, 10031),
(64, 1, 10032),
(65, 1, 10033),
(66, 1, 10034),
(67, 1, 10035),
(76, 1, 11001),
(77, 1, 11002),
(78, 1, 11003),
(79, 1, 11004),
(68, 1, 71001),
(69, 1, 71002),
(70, 1, 71003),
(71, 1, 71004),
(72, 1, 71005),
(73, 1, 71006),
(74, 1, 71007),
(75, 1, 71008),
(28, 2, 10028),
(29, 2, 10029),
(30, 2, 10030),
(31, 2, 10031),
(32, 2, 10032),
(33, 2, 10033),
(34, 2, 10034),
(35, 2, 10035),
(56, 2, 11001),
(57, 2, 11002),
(58, 2, 11003),
(59, 2, 11004),
(36, 2, 51001),
(37, 2, 51002),
(38, 2, 51003),
(39, 2, 51004),
(40, 2, 51005),
(41, 2, 51006),
(42, 2, 51007),
(43, 2, 51008),
(44, 2, 51009),
(45, 2, 51010),
(46, 2, 51011),
(47, 2, 51012),
(48, 2, 51041),
(49, 2, 51042),
(50, 2, 51043),
(51, 2, 51046),
(52, 2, 51047),
(53, 2, 51048),
(54, 2, 51050),
(55, 2, 51053),
(1, 3, 10028),
(2, 3, 10029),
(3, 3, 10030),
(4, 3, 10031),
(5, 3, 10032),
(6, 3, 10033),
(7, 3, 10034),
(8, 3, 10035),
(24, 3, 11001),
(25, 3, 11002),
(26, 3, 11003),
(27, 3, 11004),
(9, 3, 61001),
(10, 3, 61002),
(11, 3, 61003),
(12, 3, 61004),
(13, 3, 61005),
(14, 3, 61006),
(15, 3, 61007),
(16, 3, 61008),
(17, 3, 61009),
(18, 3, 61010),
(19, 3, 61011),
(20, 3, 61012),
(21, 3, 61013),
(22, 3, 61014),
(23, 3, 61015);

-- --------------------------------------------------------

--
-- 表的结构 `users_user`
--

CREATE TABLE IF NOT EXISTS `users_user` (
  `id` bigint(20) NOT NULL,
  `create_time` datetime(6) NOT NULL,
  `update_time` datetime(6) NOT NULL,
  `name` varchar(128) NOT NULL,
  `username` varchar(64) NOT NULL,
  `password` varchar(256) NOT NULL,
  `email` varchar(254) NOT NULL,
  `telephone` varchar(20) NOT NULL,
  `type` int(11) NOT NULL,
  `role_id` bigint(20) NOT NULL
) ENGINE=InnoDB AUTO_INCREMENT=904 DEFAULT CHARSET=utf8mb4;

--
-- 转存表中的数据 `users_user`
--

INSERT INTO `users_user` (`id`, `create_time`, `update_time`, `name`, `username`, `password`, `email`, `telephone`, `type`, `role_id`) VALUES
(101, '2022-12-19 02:06:14.634483', '2022-12-19 02:06:14.640491', '杨关城', '2020122100611', '827ccb0eea8a706c4c34a16891f84e7b', 'admin@qq.com', '18999999999', 1, 3),
(102, '2022-12-19 02:06:14.666022', '2022-12-19 02:06:14.673006', '卢佳彤', '2020122101835', '827ccb0eea8a706c4c34a16891f84e7b', 'admin1@qq.com', '18999999999', 1, 3),
(103, '2022-12-19 02:06:14.699728', '2022-12-19 02:06:14.707291', '陶秀军', '2020122102752', '827ccb0eea8a706c4c34a16891f84e7b', 'admin2@qq.com', '18999999999', 1, 3),
(104, '2022-12-19 02:06:14.732688', '2022-12-19 02:06:14.740463', '方宇杰', '2020122104559', '827ccb0eea8a706c4c34a16891f84e7b', 'admin3@qq.com', '18999999999', 1, 3),
(105, '2022-12-19 02:06:14.765045', '2022-12-19 02:06:14.773035', '安紫宁', '2020122104563', '827ccb0eea8a706c4c34a16891f84e7b', 'admin4@qq.com', '18999999999', 1, 3),
(106, '2022-12-19 02:06:14.799972', '2022-12-19 02:06:14.807000', '孔德旭', '2020122104568', '827ccb0eea8a706c4c34a16891f84e7b', 'admin5@qq.com', '18999999999', 1, 3),
(107, '2022-12-19 02:06:14.829817', '2022-12-19 02:06:14.836745', '谷志妍', '2020122104571', '827ccb0eea8a706c4c34a16891f84e7b', 'admin6@qq.com', '18999999999', 1, 3),
(108, '2022-12-19 02:06:14.860461', '2022-12-19 02:06:14.868550', '马士杰', '2020122104574', '827ccb0eea8a706c4c34a16891f84e7b', 'admin7@qq.com', '18999999999', 1, 3),
(109, '2022-12-19 02:06:14.900671', '2022-12-19 02:06:14.908406', '王嘉鹏', '2020122104578', '827ccb0eea8a706c4c34a16891f84e7b', 'admin8@qq.com', '18999999999', 1, 3),
(110, '2022-12-19 02:06:14.937079', '2022-12-19 02:06:14.948538', '王雅杰', '2020122104582', '827ccb0eea8a706c4c34a16891f84e7b', 'admin9@qq.com', '18999999999', 1, 3),
(111, '2022-12-19 02:06:14.974697', '2022-12-19 02:06:14.984051', '王东林', '2020122104591', '827ccb0eea8a706c4c34a16891f84e7b', 'admin10@qq.com', '18999999999', 1, 3),
(112, '2022-12-19 02:06:15.011045', '2022-12-19 02:06:15.020194', '段睿丰', '2020122104593', '827ccb0eea8a706c4c34a16891f84e7b', 'admin11@qq.com', '18999999999', 1, 3),
(113, '2022-12-19 02:06:15.049529', '2022-12-19 02:06:15.055818', '王磊', '2020122104599', '827ccb0eea8a706c4c34a16891f84e7b', 'admin12@qq.com', '18999999999', 1, 3),
(114, '2022-12-19 02:06:15.077818', '2022-12-19 02:06:15.085579', '袁东方', '2020122104607', '827ccb0eea8a706c4c34a16891f84e7b', 'admin13@qq.com', '18999999999', 1, 3),
(115, '2022-12-19 02:06:15.117067', '2022-12-19 02:06:15.125517', '李子昊', '2020122104612', '827ccb0eea8a706c4c34a16891f84e7b', 'admin14@qq.com', '18999999999', 1, 3),
(116, '2022-12-19 02:06:15.146704', '2022-12-19 02:06:15.160115', '安楠', '2020122104613', '827ccb0eea8a706c4c34a16891f84e7b', 'admin15@qq.com', '18999999999', 1, 3),
(117, '2022-12-19 02:06:15.182441', '2022-12-19 02:06:15.189631', '贾红宇', '2020122104617', '827ccb0eea8a706c4c34a16891f84e7b', 'admin16@qq.com', '18999999999', 1, 3),
(118, '2022-12-19 02:06:15.217639', '2022-12-19 02:06:15.225043', '韩镕泽', '2020122104618', '827ccb0eea8a706c4c34a16891f84e7b', 'admin17@qq.com', '18999999999', 1, 3),
(119, '2022-12-19 02:06:15.250474', '2022-12-19 02:06:15.258279', '徐欢', '2020122104619', '827ccb0eea8a706c4c34a16891f84e7b', 'admin18@qq.com', '18999999999', 1, 3),
(120, '2022-12-19 02:06:15.280442', '2022-12-19 02:06:15.288032', '罗伟', '2020122104622', '827ccb0eea8a706c4c34a16891f84e7b', 'admin19@qq.com', '18999999999', 1, 3),
(121, '2022-12-19 02:06:15.312495', '2022-12-19 02:06:15.319334', '李昕旺', '2020122104624', '827ccb0eea8a706c4c34a16891f84e7b', 'admin20@qq.com', '18999999999', 1, 3),
(122, '2022-12-19 02:06:15.342417', '2022-12-19 02:06:15.349993', '王艺然', '2020122104627', '827ccb0eea8a706c4c34a16891f84e7b', 'admin21@qq.com', '18999999999', 1, 3),
(123, '2022-12-19 02:06:15.371855', '2022-12-19 02:06:15.378063', '边柯丹', '2020122104637', '827ccb0eea8a706c4c34a16891f84e7b', 'admin22@qq.com', '18999999999', 1, 3),
(124, '2022-12-19 02:06:15.401888', '2022-12-19 02:06:15.408820', '高赫骞', '2020122104641', '827ccb0eea8a706c4c34a16891f84e7b', 'admin23@qq.com', '18999999999', 1, 3),
(125, '2022-12-19 02:06:15.430456', '2022-12-19 02:06:15.436714', '杨洋', '2020122104643', '827ccb0eea8a706c4c34a16891f84e7b', 'admin24@qq.com', '18999999999', 1, 3),
(126, '2022-12-19 02:06:15.463010', '2022-12-19 02:06:15.471937', '云曦', '2020122104649', '827ccb0eea8a706c4c34a16891f84e7b', 'admin25@qq.com', '18999999999', 1, 3),
(127, '2022-12-19 02:06:15.493598', '2022-12-19 02:06:15.501260', '吴智辉', '2020122104650', '827ccb0eea8a706c4c34a16891f84e7b', 'admin26@qq.com', '18999999999', 1, 3),
(128, '2022-12-19 02:06:15.521706', '2022-12-19 02:06:15.529403', '张利婷', '2020122104654', '827ccb0eea8a706c4c34a16891f84e7b', 'admin27@qq.com', '18999999999', 1, 3),
(129, '2022-12-19 02:06:15.552069', '2022-12-19 02:06:15.560518', '侯瑞东', '2020122105640', '827ccb0eea8a706c4c34a16891f84e7b', 'admin28@qq.com', '18999999999', 1, 3),
(130, '2022-12-19 02:06:15.580004', '2022-12-19 02:06:15.586196', '刘瀚斌', '2020122105935', '827ccb0eea8a706c4c34a16891f84e7b', 'admin29@qq.com', '18999999999', 1, 3),
(131, '2022-12-19 02:06:15.608666', '2022-12-19 02:06:15.627038', '额尔敦套古斯', '2020122109031', '827ccb0eea8a706c4c34a16891f84e7b', 'admin30@qq.com', '18999999999', 1, 3),
(666, '2022-12-19 02:06:14.605492', '2022-12-19 02:06:14.605519', '张丽', 'admin', '827ccb0eea8a706c4c34a16891f84e7b', 'lili1@qq.com', '100010', 3, 1),
(901, '2022-12-19 02:06:14.487789', '2022-12-19 02:06:14.494766', '庄霞', 'misszhuang', '827ccb0eea8a706c4c34a16891f84e7b', 'no@qq.com', '1008611', 2, 2),
(902, '2022-12-19 02:06:14.521363', '2022-12-19 02:06:14.531487', '尤月', 'missyou', '827ccb0eea8a706c4c34a16891f84e7b', 'nono@qq.com', '1008622', 2, 2),
(903, '2022-12-19 02:06:14.562809', '2022-12-19 02:06:14.572777', '张丽', 'misslee', '827ccb0eea8a706c4c34a16891f84e7b', 'lili@qq.com', '1008633', 2, 2);

--
-- Indexes for dumped tables
--

--
-- Indexes for table `auth_group`
--
ALTER TABLE `auth_group`
  ADD PRIMARY KEY (`id`),
  ADD UNIQUE KEY `name` (`name`);

--
-- Indexes for table `auth_group_permissions`
--
ALTER TABLE `auth_group_permissions`
  ADD PRIMARY KEY (`id`),
  ADD UNIQUE KEY `auth_group_permissions_group_id_permission_id_0cd325b0_uniq` (`group_id`,`permission_id`),
  ADD KEY `auth_group_permissio_permission_id_84c5c92e_fk_auth_perm` (`permission_id`);

--
-- Indexes for table `auth_permission`
--
ALTER TABLE `auth_permission`
  ADD PRIMARY KEY (`id`),
  ADD UNIQUE KEY `auth_permission_content_type_id_codename_01ab375a_uniq` (`content_type_id`,`codename`);

--
-- Indexes for table `auth_user`
--
ALTER TABLE `auth_user`
  ADD PRIMARY KEY (`id`),
  ADD UNIQUE KEY `username` (`username`);

--
-- Indexes for table `auth_user_groups`
--
ALTER TABLE `auth_user_groups`
  ADD PRIMARY KEY (`id`),
  ADD UNIQUE KEY `auth_user_groups_user_id_group_id_94350c0c_uniq` (`user_id`,`group_id`),
  ADD KEY `auth_user_groups_group_id_97559544_fk_auth_group_id` (`group_id`);

--
-- Indexes for table `auth_user_user_permissions`
--
ALTER TABLE `auth_user_user_permissions`
  ADD PRIMARY KEY (`id`),
  ADD UNIQUE KEY `auth_user_user_permissions_user_id_permission_id_14a6b632_uniq` (`user_id`,`permission_id`),
  ADD KEY `auth_user_user_permi_permission_id_1fbb5f2c_fk_auth_perm` (`permission_id`);

--
-- Indexes for table `base_dict_code`
--
ALTER TABLE `base_dict_code`
  ADD PRIMARY KEY (`id`),
  ADD UNIQUE KEY `base_dict_code_type_id_code_72a223e0_uniq` (`type_id`,`code`);

--
-- Indexes for table `base_dict_type`
--
ALTER TABLE `base_dict_type`
  ADD PRIMARY KEY (`type`);

--
-- Indexes for table `core_classroom`
--
ALTER TABLE `core_classroom`
  ADD PRIMARY KEY (`id`),
  ADD KEY `core_classroom_adviser_id_c81880c5_fk_core_teacher_id` (`adviser_id`);

--
-- Indexes for table `core_course`
--
ALTER TABLE `core_course`
  ADD PRIMARY KEY (`id`);

--
-- Indexes for table `core_courseattendtask`
--
ALTER TABLE `core_courseattendtask`
  ADD PRIMARY KEY (`id`),
  ADD KEY `core_courseattendtask_course_id_37de0695_fk_core_course_id` (`course_id`);

--
-- Indexes for table `core_exam`
--
ALTER TABLE `core_exam`
  ADD PRIMARY KEY (`id`),
  ADD KEY `core_exam_course_id_eff40026_fk_core_course_id` (`course_id`);

--
-- Indexes for table `core_examquestionresult`
--
ALTER TABLE `core_examquestionresult`
  ADD PRIMARY KEY (`id`),
  ADD KEY `core_examquestionres_exam_join_id_8837f33b_fk_core_exam` (`exam_join_id`),
  ADD KEY `core_examquestionresult_question_id_a74203d8_fk_core_question_id` (`question_id`);

--
-- Indexes for table `core_examstudentattend`
--
ALTER TABLE `core_examstudentattend`
  ADD PRIMARY KEY (`id`),
  ADD KEY `core_examstudentattend_course_id_df69d5cc_fk_core_course_id` (`course_id`),
  ADD KEY `core_examstudentattend_exam_id_d193aeeb_fk_core_exam_id` (`exam_id`),
  ADD KEY `core_examstudentattend_student_id_a9e95d94_fk_core_student_id` (`student_id`);

--
-- Indexes for table `core_group`
--
ALTER TABLE `core_group`
  ADD PRIMARY KEY (`id`),
  ADD KEY `core_group_course_id_8746db34_fk_core_course_id` (`course_id`);

--
-- Indexes for table `core_groupstudentbinder`
--
ALTER TABLE `core_groupstudentbinder`
  ADD PRIMARY KEY (`id`),
  ADD KEY `core_groupstudentbinder_course_id_86e14b4f_fk_core_course_id` (`course_id`),
  ADD KEY `core_groupstudentbinder_group_id_53ba8466_fk_core_group_id` (`group_id`),
  ADD KEY `core_groupstudentbinder_student_id_6a319016_fk_core_student_id` (`student_id`);

--
-- Indexes for table `core_homework`
--
ALTER TABLE `core_homework`
  ADD PRIMARY KEY (`id`),
  ADD KEY `core_homework_course_id_02c54d32_fk_core_course_id` (`course_id`);

--
-- Indexes for table `core_innermail`
--
ALTER TABLE `core_innermail`
  ADD PRIMARY KEY (`id`),
  ADD KEY `core_innermail_from_user_id_05bd8acc_fk_users_user_id` (`from_user_id`),
  ADD KEY `core_innermail_to_user_id_f23dd5c7_fk_users_user_id` (`to_user_id`);

--
-- Indexes for table `core_question`
--
ALTER TABLE `core_question`
  ADD PRIMARY KEY (`id`),
  ADD KEY `core_question_exam_id_9755b0c4_fk_core_exam_id` (`exam_id`);

--
-- Indexes for table `core_questionoption`
--
ALTER TABLE `core_questionoption`
  ADD PRIMARY KEY (`id`),
  ADD KEY `core_questionoption_exam_id_a1c5cdb2_fk_core_exam_id` (`exam_id`),
  ADD KEY `core_questionoption_question_id_306a903e_fk_core_question_id` (`question_id`);

--
-- Indexes for table `core_student`
--
ALTER TABLE `core_student`
  ADD PRIMARY KEY (`id`),
  ADD UNIQUE KEY `user_id` (`user_id`),
  ADD KEY `core_student_classroom_id_c5cfb611_fk_core_classroom_id` (`classroom_id`);

--
-- Indexes for table `core_studentcourseattend`
--
ALTER TABLE `core_studentcourseattend`
  ADD PRIMARY KEY (`id`),
  ADD KEY `core_studentcourseattend_student_id_7c626ebe_fk_core_student_id` (`student_id`),
  ADD KEY `core_studentcourseat_task_id_2dee431f_fk_core_cour` (`task_id`);

--
-- Indexes for table `core_studentcourseleave`
--
ALTER TABLE `core_studentcourseleave`
  ADD PRIMARY KEY (`id`),
  ADD KEY `core_studentcourseleave_course_id_4df25795_fk_core_course_id` (`course_id`),
  ADD KEY `core_studentcourseleave_student_id_76b56949_fk_core_student_id` (`student_id`);

--
-- Indexes for table `core_studenthomeworkhandin`
--
ALTER TABLE `core_studenthomeworkhandin`
  ADD PRIMARY KEY (`id`),
  ADD KEY `core_studenthomeworkhandin_course_id_a517923f_fk_core_course_id` (`course_id`),
  ADD KEY `core_studenthomework_homework_id_23419109_fk_core_home` (`homework_id`),
  ADD KEY `core_studenthomework_student_id_a364eb69_fk_core_stud` (`student_id`);

--
-- Indexes for table `core_student_courses`
--
ALTER TABLE `core_student_courses`
  ADD PRIMARY KEY (`id`),
  ADD UNIQUE KEY `core_student_courses_student_id_course_id_88152797_uniq` (`student_id`,`course_id`),
  ADD KEY `core_student_courses_course_id_f2fb15b1_fk_core_course_id` (`course_id`);

--
-- Indexes for table `core_teacher`
--
ALTER TABLE `core_teacher`
  ADD PRIMARY KEY (`id`),
  ADD UNIQUE KEY `user_id` (`user_id`);

--
-- Indexes for table `core_teacher_courses`
--
ALTER TABLE `core_teacher_courses`
  ADD PRIMARY KEY (`id`),
  ADD UNIQUE KEY `core_teacher_courses_teacher_id_course_id_074edfc9_uniq` (`teacher_id`,`course_id`),
  ADD KEY `core_teacher_courses_course_id_f82fb618_fk_core_course_id` (`course_id`);

--
-- Indexes for table `django_admin_log`
--
ALTER TABLE `django_admin_log`
  ADD PRIMARY KEY (`id`),
  ADD KEY `django_admin_log_content_type_id_c4bce8eb_fk_django_co` (`content_type_id`),
  ADD KEY `django_admin_log_user_id_c564eba6_fk_auth_user_id` (`user_id`);

--
-- Indexes for table `django_content_type`
--
ALTER TABLE `django_content_type`
  ADD PRIMARY KEY (`id`),
  ADD UNIQUE KEY `django_content_type_app_label_model_76bd3d3b_uniq` (`app_label`,`model`);

--
-- Indexes for table `django_migrations`
--
ALTER TABLE `django_migrations`
  ADD PRIMARY KEY (`id`);

--
-- Indexes for table `django_session`
--
ALTER TABLE `django_session`
  ADD PRIMARY KEY (`session_key`),
  ADD KEY `django_session_expire_date_a5c62663` (`expire_date`);

--
-- Indexes for table `users_menurouter`
--
ALTER TABLE `users_menurouter`
  ADD PRIMARY KEY (`id`),
  ADD UNIQUE KEY `meta_id` (`meta_id`);

--
-- Indexes for table `users_menuroutermeta`
--
ALTER TABLE `users_menuroutermeta`
  ADD PRIMARY KEY (`id`);

--
-- Indexes for table `users_role`
--
ALTER TABLE `users_role`
  ADD PRIMARY KEY (`id`);

--
-- Indexes for table `users_role_menu_routes`
--
ALTER TABLE `users_role_menu_routes`
  ADD PRIMARY KEY (`id`),
  ADD UNIQUE KEY `users_role_menu_routes_role_id_menurouter_id_0ebbf408_uniq` (`role_id`,`menurouter_id`),
  ADD KEY `users_role_menu_rout_menurouter_id_5c41d485_fk_users_men` (`menurouter_id`);

--
-- Indexes for table `users_user`
--
ALTER TABLE `users_user`
  ADD PRIMARY KEY (`id`),
  ADD UNIQUE KEY `username` (`username`),
  ADD UNIQUE KEY `email` (`email`),
  ADD KEY `users_user_role_id_854f2687_fk_users_role_id` (`role_id`);

--
-- AUTO_INCREMENT for dumped tables
--

--
-- AUTO_INCREMENT for table `auth_group`
--
ALTER TABLE `auth_group`
  MODIFY `id` int(11) NOT NULL AUTO_INCREMENT;
--
-- AUTO_INCREMENT for table `auth_group_permissions`
--
ALTER TABLE `auth_group_permissions`
  MODIFY `id` bigint(20) NOT NULL AUTO_INCREMENT;
--
-- AUTO_INCREMENT for table `auth_permission`
--
ALTER TABLE `auth_permission`
  MODIFY `id` int(11) NOT NULL AUTO_INCREMENT,AUTO_INCREMENT=117;
--
-- AUTO_INCREMENT for table `auth_user`
--
ALTER TABLE `auth_user`
  MODIFY `id` int(11) NOT NULL AUTO_INCREMENT;
--
-- AUTO_INCREMENT for table `auth_user_groups`
--
ALTER TABLE `auth_user_groups`
  MODIFY `id` bigint(20) NOT NULL AUTO_INCREMENT;
--
-- AUTO_INCREMENT for table `auth_user_user_permissions`
--
ALTER TABLE `auth_user_user_permissions`
  MODIFY `id` bigint(20) NOT NULL AUTO_INCREMENT;
--
-- AUTO_INCREMENT for table `base_dict_code`
--
ALTER TABLE `base_dict_code`
  MODIFY `id` bigint(20) NOT NULL AUTO_INCREMENT;
--
-- AUTO_INCREMENT for table `core_classroom`
--
ALTER TABLE `core_classroom`
  MODIFY `id` bigint(20) NOT NULL AUTO_INCREMENT,AUTO_INCREMENT=4;
--
-- AUTO_INCREMENT for table `core_course`
--
ALTER TABLE `core_course`
  MODIFY `id` bigint(20) NOT NULL AUTO_INCREMENT,AUTO_INCREMENT=5;
--
-- AUTO_INCREMENT for table `core_courseattendtask`
--
ALTER TABLE `core_courseattendtask`
  MODIFY `id` bigint(20) NOT NULL AUTO_INCREMENT,AUTO_INCREMENT=5;
--
-- AUTO_INCREMENT for table `core_exam`
--
ALTER TABLE `core_exam`
  MODIFY `id` bigint(20) NOT NULL AUTO_INCREMENT,AUTO_INCREMENT=109;
--
-- AUTO_INCREMENT for table `core_examquestionresult`
--
ALTER TABLE `core_examquestionresult`
  MODIFY `id` bigint(20) NOT NULL AUTO_INCREMENT,AUTO_INCREMENT=2;
--
-- AUTO_INCREMENT for table `core_examstudentattend`
--
ALTER TABLE `core_examstudentattend`
  MODIFY `id` bigint(20) NOT NULL AUTO_INCREMENT,AUTO_INCREMENT=3;
--
-- AUTO_INCREMENT for table `core_group`
--
ALTER TABLE `core_group`
  MODIFY `id` bigint(20) NOT NULL AUTO_INCREMENT;
--
-- AUTO_INCREMENT for table `core_groupstudentbinder`
--
ALTER TABLE `core_groupstudentbinder`
  MODIFY `id` bigint(20) NOT NULL AUTO_INCREMENT;
--
-- AUTO_INCREMENT for table `core_homework`
--
ALTER TABLE `core_homework`
  MODIFY `id` bigint(20) NOT NULL AUTO_INCREMENT;
--
-- AUTO_INCREMENT for table `core_innermail`
--
ALTER TABLE `core_innermail`
  MODIFY `id` bigint(20) NOT NULL AUTO_INCREMENT;
--
-- AUTO_INCREMENT for table `core_question`
--
ALTER TABLE `core_question`
  MODIFY `id` bigint(20) NOT NULL AUTO_INCREMENT,AUTO_INCREMENT=72;
--
-- AUTO_INCREMENT for table `core_questionoption`
--
ALTER TABLE `core_questionoption`
  MODIFY `id` bigint(20) NOT NULL AUTO_INCREMENT,AUTO_INCREMENT=281;
--
-- AUTO_INCREMENT for table `core_student`
--
ALTER TABLE `core_student`
  MODIFY `id` bigint(20) NOT NULL AUTO_INCREMENT,AUTO_INCREMENT=32;
--
-- AUTO_INCREMENT for table `core_studentcourseattend`
--
ALTER TABLE `core_studentcourseattend`
  MODIFY `id` bigint(20) NOT NULL AUTO_INCREMENT,AUTO_INCREMENT=125;
--
-- AUTO_INCREMENT for table `core_studentcourseleave`
--
ALTER TABLE `core_studentcourseleave`
  MODIFY `id` bigint(20) NOT NULL AUTO_INCREMENT;
--
-- AUTO_INCREMENT for table `core_studenthomeworkhandin`
--
ALTER TABLE `core_studenthomeworkhandin`
  MODIFY `id` bigint(20) NOT NULL AUTO_INCREMENT;
--
-- AUTO_INCREMENT for table `core_student_courses`
--
ALTER TABLE `core_student_courses`
  MODIFY `id` bigint(20) NOT NULL AUTO_INCREMENT,AUTO_INCREMENT=90;
--
-- AUTO_INCREMENT for table `core_teacher`
--
ALTER TABLE `core_teacher`
  MODIFY `id` bigint(20) NOT NULL AUTO_INCREMENT,AUTO_INCREMENT=4;
--
-- AUTO_INCREMENT for table `core_teacher_courses`
--
ALTER TABLE `core_teacher_courses`
  MODIFY `id` bigint(20) NOT NULL AUTO_INCREMENT,AUTO_INCREMENT=5;
--
-- AUTO_INCREMENT for table `django_admin_log`
--
ALTER TABLE `django_admin_log`
  MODIFY `id` int(11) NOT NULL AUTO_INCREMENT;
--
-- AUTO_INCREMENT for table `django_content_type`
--
ALTER TABLE `django_content_type`
  MODIFY `id` int(11) NOT NULL AUTO_INCREMENT,AUTO_INCREMENT=30;
--
-- AUTO_INCREMENT for table `django_migrations`
--
ALTER TABLE `django_migrations`
  MODIFY `id` bigint(20) NOT NULL AUTO_INCREMENT,AUTO_INCREMENT=22;
--
-- AUTO_INCREMENT for table `users_menurouter`
--
ALTER TABLE `users_menurouter`
  MODIFY `id` bigint(20) NOT NULL AUTO_INCREMENT,AUTO_INCREMENT=71009;
--
-- AUTO_INCREMENT for table `users_menuroutermeta`
--
ALTER TABLE `users_menuroutermeta`
  MODIFY `id` bigint(20) NOT NULL AUTO_INCREMENT,AUTO_INCREMENT=56;
--
-- AUTO_INCREMENT for table `users_role`
--
ALTER TABLE `users_role`
  MODIFY `id` bigint(20) NOT NULL AUTO_INCREMENT,AUTO_INCREMENT=4;
--
-- AUTO_INCREMENT for table `users_role_menu_routes`
--
ALTER TABLE `users_role_menu_routes`
  MODIFY `id` bigint(20) NOT NULL AUTO_INCREMENT,AUTO_INCREMENT=80;
--
-- AUTO_INCREMENT for table `users_user`
--
ALTER TABLE `users_user`
  MODIFY `id` bigint(20) NOT NULL AUTO_INCREMENT,AUTO_INCREMENT=904;
--
-- 限制导出的表
--

--
-- 限制表 `auth_group_permissions`
--
ALTER TABLE `auth_group_permissions`
  ADD CONSTRAINT `auth_group_permissio_permission_id_84c5c92e_fk_auth_perm` FOREIGN KEY (`permission_id`) REFERENCES `auth_permission` (`id`),
  ADD CONSTRAINT `auth_group_permissions_group_id_b120cbf9_fk_auth_group_id` FOREIGN KEY (`group_id`) REFERENCES `auth_group` (`id`);

--
-- 限制表 `auth_permission`
--
ALTER TABLE `auth_permission`
  ADD CONSTRAINT `auth_permission_content_type_id_2f476e4b_fk_django_co` FOREIGN KEY (`content_type_id`) REFERENCES `django_content_type` (`id`);

--
-- 限制表 `auth_user_groups`
--
ALTER TABLE `auth_user_groups`
  ADD CONSTRAINT `auth_user_groups_group_id_97559544_fk_auth_group_id` FOREIGN KEY (`group_id`) REFERENCES `auth_group` (`id`),
  ADD CONSTRAINT `auth_user_groups_user_id_6a12ed8b_fk_auth_user_id` FOREIGN KEY (`user_id`) REFERENCES `auth_user` (`id`);

--
-- 限制表 `auth_user_user_permissions`
--
ALTER TABLE `auth_user_user_permissions`
  ADD CONSTRAINT `auth_user_user_permi_permission_id_1fbb5f2c_fk_auth_perm` FOREIGN KEY (`permission_id`) REFERENCES `auth_permission` (`id`),
  ADD CONSTRAINT `auth_user_user_permissions_user_id_a95ead1b_fk_auth_user_id` FOREIGN KEY (`user_id`) REFERENCES `auth_user` (`id`);

--
-- 限制表 `base_dict_code`
--
ALTER TABLE `base_dict_code`
  ADD CONSTRAINT `base_dict_code_type_id_1b39c96e_fk_base_dict_type_type` FOREIGN KEY (`type_id`) REFERENCES `base_dict_type` (`type`);

--
-- 限制表 `core_classroom`
--
ALTER TABLE `core_classroom`
  ADD CONSTRAINT `core_classroom_adviser_id_c81880c5_fk_core_teacher_id` FOREIGN KEY (`adviser_id`) REFERENCES `core_teacher` (`id`);

--
-- 限制表 `core_courseattendtask`
--
ALTER TABLE `core_courseattendtask`
  ADD CONSTRAINT `core_courseattendtask_course_id_37de0695_fk_core_course_id` FOREIGN KEY (`course_id`) REFERENCES `core_course` (`id`);

--
-- 限制表 `core_exam`
--
ALTER TABLE `core_exam`
  ADD CONSTRAINT `core_exam_course_id_eff40026_fk_core_course_id` FOREIGN KEY (`course_id`) REFERENCES `core_course` (`id`);

--
-- 限制表 `core_examquestionresult`
--
ALTER TABLE `core_examquestionresult`
  ADD CONSTRAINT `core_examquestionres_exam_join_id_8837f33b_fk_core_exam` FOREIGN KEY (`exam_join_id`) REFERENCES `core_examstudentattend` (`id`),
  ADD CONSTRAINT `core_examquestionresult_question_id_a74203d8_fk_core_question_id` FOREIGN KEY (`question_id`) REFERENCES `core_question` (`id`);

--
-- 限制表 `core_examstudentattend`
--
ALTER TABLE `core_examstudentattend`
  ADD CONSTRAINT `core_examstudentattend_course_id_df69d5cc_fk_core_course_id` FOREIGN KEY (`course_id`) REFERENCES `core_course` (`id`),
  ADD CONSTRAINT `core_examstudentattend_exam_id_d193aeeb_fk_core_exam_id` FOREIGN KEY (`exam_id`) REFERENCES `core_exam` (`id`),
  ADD CONSTRAINT `core_examstudentattend_student_id_a9e95d94_fk_core_student_id` FOREIGN KEY (`student_id`) REFERENCES `core_student` (`id`);

--
-- 限制表 `core_group`
--
ALTER TABLE `core_group`
  ADD CONSTRAINT `core_group_course_id_8746db34_fk_core_course_id` FOREIGN KEY (`course_id`) REFERENCES `core_course` (`id`);

--
-- 限制表 `core_groupstudentbinder`
--
ALTER TABLE `core_groupstudentbinder`
  ADD CONSTRAINT `core_groupstudentbinder_course_id_86e14b4f_fk_core_course_id` FOREIGN KEY (`course_id`) REFERENCES `core_course` (`id`),
  ADD CONSTRAINT `core_groupstudentbinder_group_id_53ba8466_fk_core_group_id` FOREIGN KEY (`group_id`) REFERENCES `core_group` (`id`),
  ADD CONSTRAINT `core_groupstudentbinder_student_id_6a319016_fk_core_student_id` FOREIGN KEY (`student_id`) REFERENCES `core_student` (`id`);

--
-- 限制表 `core_homework`
--
ALTER TABLE `core_homework`
  ADD CONSTRAINT `core_homework_course_id_02c54d32_fk_core_course_id` FOREIGN KEY (`course_id`) REFERENCES `core_course` (`id`);

--
-- 限制表 `core_innermail`
--
ALTER TABLE `core_innermail`
  ADD CONSTRAINT `core_innermail_from_user_id_05bd8acc_fk_users_user_id` FOREIGN KEY (`from_user_id`) REFERENCES `users_user` (`id`),
  ADD CONSTRAINT `core_innermail_to_user_id_f23dd5c7_fk_users_user_id` FOREIGN KEY (`to_user_id`) REFERENCES `users_user` (`id`);

--
-- 限制表 `core_question`
--
ALTER TABLE `core_question`
  ADD CONSTRAINT `core_question_exam_id_9755b0c4_fk_core_exam_id` FOREIGN KEY (`exam_id`) REFERENCES `core_exam` (`id`);

--
-- 限制表 `core_questionoption`
--
ALTER TABLE `core_questionoption`
  ADD CONSTRAINT `core_questionoption_exam_id_a1c5cdb2_fk_core_exam_id` FOREIGN KEY (`exam_id`) REFERENCES `core_exam` (`id`),
  ADD CONSTRAINT `core_questionoption_question_id_306a903e_fk_core_question_id` FOREIGN KEY (`question_id`) REFERENCES `core_question` (`id`);

--
-- 限制表 `core_student`
--
ALTER TABLE `core_student`
  ADD CONSTRAINT `core_student_classroom_id_c5cfb611_fk_core_classroom_id` FOREIGN KEY (`classroom_id`) REFERENCES `core_classroom` (`id`),
  ADD CONSTRAINT `core_student_user_id_666ccffd_fk_users_user_id` FOREIGN KEY (`user_id`) REFERENCES `users_user` (`id`);

--
-- 限制表 `core_studentcourseattend`
--
ALTER TABLE `core_studentcourseattend`
  ADD CONSTRAINT `core_studentcourseat_task_id_2dee431f_fk_core_cour` FOREIGN KEY (`task_id`) REFERENCES `core_courseattendtask` (`id`),
  ADD CONSTRAINT `core_studentcourseattend_student_id_7c626ebe_fk_core_student_id` FOREIGN KEY (`student_id`) REFERENCES `core_student` (`id`);

--
-- 限制表 `core_studentcourseleave`
--
ALTER TABLE `core_studentcourseleave`
  ADD CONSTRAINT `core_studentcourseleave_course_id_4df25795_fk_core_course_id` FOREIGN KEY (`course_id`) REFERENCES `core_course` (`id`),
  ADD CONSTRAINT `core_studentcourseleave_student_id_76b56949_fk_core_student_id` FOREIGN KEY (`student_id`) REFERENCES `core_student` (`id`);

--
-- 限制表 `core_studenthomeworkhandin`
--
ALTER TABLE `core_studenthomeworkhandin`
  ADD CONSTRAINT `core_studenthomework_homework_id_23419109_fk_core_home` FOREIGN KEY (`homework_id`) REFERENCES `core_homework` (`id`),
  ADD CONSTRAINT `core_studenthomework_student_id_a364eb69_fk_core_stud` FOREIGN KEY (`student_id`) REFERENCES `core_student` (`id`),
  ADD CONSTRAINT `core_studenthomeworkhandin_course_id_a517923f_fk_core_course_id` FOREIGN KEY (`course_id`) REFERENCES `core_course` (`id`);

--
-- 限制表 `core_student_courses`
--
ALTER TABLE `core_student_courses`
  ADD CONSTRAINT `core_student_courses_course_id_f2fb15b1_fk_core_course_id` FOREIGN KEY (`course_id`) REFERENCES `core_course` (`id`),
  ADD CONSTRAINT `core_student_courses_student_id_76fcd424_fk_core_student_id` FOREIGN KEY (`student_id`) REFERENCES `core_student` (`id`);

--
-- 限制表 `core_teacher`
--
ALTER TABLE `core_teacher`
  ADD CONSTRAINT `core_teacher_user_id_0d56ab99_fk_users_user_id` FOREIGN KEY (`user_id`) REFERENCES `users_user` (`id`);

--
-- 限制表 `core_teacher_courses`
--
ALTER TABLE `core_teacher_courses`
  ADD CONSTRAINT `core_teacher_courses_course_id_f82fb618_fk_core_course_id` FOREIGN KEY (`course_id`) REFERENCES `core_course` (`id`),
  ADD CONSTRAINT `core_teacher_courses_teacher_id_0d8a4afb_fk_core_teacher_id` FOREIGN KEY (`teacher_id`) REFERENCES `core_teacher` (`id`);

--
-- 限制表 `django_admin_log`
--
ALTER TABLE `django_admin_log`
  ADD CONSTRAINT `django_admin_log_content_type_id_c4bce8eb_fk_django_co` FOREIGN KEY (`content_type_id`) REFERENCES `django_content_type` (`id`),
  ADD CONSTRAINT `django_admin_log_user_id_c564eba6_fk_auth_user_id` FOREIGN KEY (`user_id`) REFERENCES `auth_user` (`id`);

--
-- 限制表 `users_menurouter`
--
ALTER TABLE `users_menurouter`
  ADD CONSTRAINT `users_menurouter_meta_id_01a88a89_fk_users_menuroutermeta_id` FOREIGN KEY (`meta_id`) REFERENCES `users_menuroutermeta` (`id`);

--
-- 限制表 `users_role_menu_routes`
--
ALTER TABLE `users_role_menu_routes`
  ADD CONSTRAINT `users_role_menu_rout_menurouter_id_5c41d485_fk_users_men` FOREIGN KEY (`menurouter_id`) REFERENCES `users_menurouter` (`id`),
  ADD CONSTRAINT `users_role_menu_routes_role_id_21b7322f_fk_users_role_id` FOREIGN KEY (`role_id`) REFERENCES `users_role` (`id`);

--
-- 限制表 `users_user`
--
ALTER TABLE `users_user`
  ADD CONSTRAINT `users_user_role_id_854f2687_fk_users_role_id` FOREIGN KEY (`role_id`) REFERENCES `users_role` (`id`);

/*!40101 SET CHARACTER_SET_CLIENT=@OLD_CHARACTER_SET_CLIENT */;
/*!40101 SET CHARACTER_SET_RESULTS=@OLD_CHARACTER_SET_RESULTS */;
/*!40101 SET COLLATION_CONNECTION=@OLD_COLLATION_CONNECTION */;
